AGG,DBC,DFE,DIA,DXJ,EEM,EFA,EWG,EWH,EWI,EWT,EWU,EWW,EWY,EWZ,EZU,FEZ,FXI,GDX,GLD,IAU,IBB,ITB,IVV,IWD,IWM,IYR,KBE,KRE,LQD,OIL,SDS,SH,SLV,SPY,USO,VGK,VNQ,VTI,VWO,XHB,XLB,XLE,XLF,XLI,XLK,XLP,XLU,XLV,XLY,XME,XOP,USDOLLAR,dates
108.09,15.61,53.56,192.49,49.36,35.6,57.66,25.56,20.83,23.25,30.9,30.67,44.34,53.79,32.68,33.83,32.52,37.26,21.2,111.43,11.26,274.34,27.86,222.99,111.29,134.59,75.52,42.76,54.5,116.64,6.06,15.55,37.1,15.85,221.7,11.29,47.11,81.11,114.68,36.16,34.37,50.43,75.35,23.12,62.88,47.28,50.78,46.77,68.48,82.52,33.18,42.7,10683.036,2016-12-06
108.11,15.68,53.05,192.22,49.01,35.41,57.27,25.34,20.82,22.31,30.57,30.57,43.7,53.54,32.12,33.41,32.0,37.26,21.33,111.54,11.26,271.93,27.4,222.19,110.66,133.15,75.04,42.16,53.68,116.65,6.11,15.66,37.21,15.88,221.0,11.35,46.68,80.59,114.1,36.01,34.04,50.37,75.49,22.92,62.76,47.14,50.63,46.86,68.29,82.33,33.21,42.45,10683.036,2016-12-05
108.02,15.6,52.28,191.74,48.77,35.12,56.71,24.74,20.74,22.13,30.5,30.35,43.22,53.29,31.68,32.69,31.29,37.31,21.37,112.14,11.32,270.46,27.04,220.91,110.05,130.9,74.45,41.64,53.03,116.4,6.19,15.86,37.43,15.83,219.68,11.48,45.99,80.0,113.31,35.77,33.63,49.98,74.83,22.65,62.81,46.69,50.57,46.8,68.41,81.44,32.06,42.03,10682.826000000001,2016-12-02
107.68,15.49,52.36,191.9,48.61,35.08,56.57,24.68,20.98,21.98,30.41,30.1,43.27,53.46,31.48,32.64,31.31,37.59,20.66,111.54,11.27,269.49,27.01,220.73,110.08,130.97,73.67,41.98,53.46,115.87,6.08,15.87,37.45,15.66,219.57,11.33,45.84,79.21,113.31,35.81,33.53,49.96,74.61,22.9,62.82,46.52,50.25,46.38,68.25,81.89,31.29,42.05,10682.621000000001,2016-12-01
108.24,15.21,52.17,191.4,49.2,35.5,56.79,24.83,21.17,21.75,30.74,30.06,44.12,53.26,33.49,32.78,31.38,37.59,20.83,111.75,11.29,274.07,27.37,221.53,109.91,131.61,74.85,41.15,52.41,116.84,5.82,15.75,37.31,15.66,220.38,10.93,45.91,80.39,113.78,36.22,33.85,49.94,74.43,22.51,62.41,47.5,50.58,46.75,68.75,81.85,31.1,41.93,10682.421,2016-11-30
108.67,14.76,52.2,191.19,48.43,35.44,56.85,24.92,21.02,21.38,30.83,30.05,44.05,53.4,33.2,32.79,31.43,37.46,21.23,113.27,11.44,280.31,27.93,222.19,109.38,132.26,75.8,40.43,51.48,117.28,5.39,15.67,37.23,15.78,220.91,10.06,45.94,81.32,114.05,36.16,34.34,49.41,70.83,22.21,62.33,48.07,51.4,48.27,69.41,82.54,31.06,37.58,10682.215,2016-11-29
108.55,15.06,51.8,190.78,48.15,35.39,56.49,24.71,20.9,20.85,30.77,29.91,44.0,53.03,33.91,32.41,31.08,37.23,21.4,113.8,11.5,279.99,27.72,221.83,109.44,132.33,75.18,40.28,51.31,117.12,5.55,15.73,37.28,15.77,220.48,10.44,45.54,80.55,113.89,36.14,34.16,49.36,71.71,22.15,62.28,48.04,51.33,48.07,68.96,82.32,31.69,38.33,10682.01,2016-11-28
108.17,15.01,52.34,191.3,48.15,35.25,56.79,24.97,20.99,21.29,30.7,30.29,44.08,53.03,33.06,32.77,31.44,37.09,20.61,112.61,11.37,284.46,28.01,222.81,110.06,134.07,74.92,41.01,52.3,116.59,5.56,15.57,37.12,15.63,221.52,10.33,46.08,80.18,114.55,35.96,34.6,49.56,72.72,22.41,62.71,48.0,51.22,47.16,69.48,82.98,31.94,39.67,10681.805,2016-11-25
108.18,15.12,52.12,190.59,48.4,35.08,56.62,24.81,20.94,21.27,30.5,30.16,43.67,52.8,33.81,32.57,31.22,36.74,20.5,113.25,11.43,283.74,27.79,222.0,109.68,133.63,74.54,40.95,52.3,116.58,5.72,15.71,37.25,15.52,220.7,10.67,45.7,79.72,114.11,35.77,34.35,49.41,73.08,22.38,62.37,47.8,50.82,46.49,69.21,82.78,31.67,40.19,10681.6,2016-11-23
108.56,15.06,52.62,190.02,47.76,35.46,56.82,25.09,21.02,21.35,30.76,30.17,43.49,53.43,34.17,32.92,31.56,36.88,21.56,115.54,11.67,281.36,27.62,221.76,109.29,132.8,74.95,40.73,51.98,117.01,5.71,15.73,37.3,15.8,220.58,10.63,46.03,80.06,113.95,36.12,34.24,49.19,72.78,22.25,61.91,47.99,51.1,46.96,68.94,82.7,31.56,39.85,10681.386999999999,2016-11-22
108.46,15.08,52.29,189.34,47.68,34.93,56.68,25.02,20.86,21.09,30.26,30.08,43.61,52.16,33.75,32.8,31.46,36.24,21.48,115.58,11.68,286.71,27.59,221.39,109.11,131.6,73.69,40.5,51.66,116.71,5.79,15.78,37.37,15.72,220.15,10.77,45.99,78.68,113.62,35.73,34.11,48.89,72.82,22.24,61.63,47.84,50.84,46.78,69.95,81.73,30.09,39.97,10681.181,2016-11-21
108.37,14.67,52.09,188.46,47.29,34.59,56.2,24.86,20.77,20.87,29.94,29.68,42.97,51.95,32.59,32.49,31.15,35.94,21.05,115.15,11.63,284.72,27.45,219.79,108.43,130.99,73.68,40.41,51.5,116.59,5.54,16.02,37.65,15.73,218.5,10.32,45.6,78.92,112.77,35.38,33.88,48.32,71.13,22.16,61.3,47.36,50.5,46.29,69.7,81.2,29.5,38.35,10680.985,2016-11-18
108.72,14.55,52.07,189.3,47.64,34.75,56.82,25.09,20.71,21.4,30.04,30.0,44.21,52.39,32.38,32.87,31.55,35.97,21.3,116.17,11.74,288.52,27.34,220.23,108.46,130.3,73.46,40.17,51.15,117.25,5.39,15.96,37.55,15.84,218.99,10.13,46.07,78.69,112.98,35.46,33.89,48.39,70.84,22.16,61.32,47.4,50.68,46.43,70.45,81.45,29.57,38.09,10680.801000000001,2016-11-17
109.13,14.52,52.03,188.98,46.59,34.7,56.39,25.06,20.48,21.42,29.87,29.81,44.56,52.41,33.07,32.77,31.45,35.83,21.84,116.77,11.79,286.51,26.77,219.24,108.12,129.54,74.07,39.64,50.42,118.0,5.47,16.11,37.73,16.09,217.87,10.23,45.85,79.5,112.41,35.45,33.22,48.37,71.32,21.86,61.19,47.1,50.77,46.42,70.17,80.48,29.8,38.16,10680.617,2016-11-16
108.89,14.7,52.36,189.34,46.95,34.99,56.99,25.36,20.78,21.76,30.06,30.12,44.74,52.91,33.47,33.24,31.93,36.26,22.02,117.12,11.83,291.33,26.96,219.52,108.69,129.55,74.23,40.2,51.16,117.83,5.55,16.07,37.66,16.19,218.28,10.34,46.36,79.73,112.57,35.74,33.52,48.46,71.82,22.18,61.54,46.67,50.76,46.74,70.47,80.04,30.26,38.47,10680.421,2016-11-15
108.81,14.38,52.18,188.77,46.54,34.3,56.74,25.24,20.59,21.69,29.46,29.96,44.12,52.33,32.38,33.0,31.79,35.76,21.12,116.11,11.73,293.09,26.9,217.79,107.89,129.15,74.5,40.0,50.83,117.47,5.26,16.32,37.97,16.0,216.59,9.87,46.04,80.4,111.7,35.08,33.52,48.26,69.85,22.2,61.31,46.02,50.45,46.0,70.27,79.73,29.95,36.98,10680.207,2016-11-14
109.25,14.41,52.6,188.47,45.53,34.55,57.05,25.49,20.81,22.09,29.75,30.1,43.34,52.85,32.5,33.31,32.03,35.98,20.92,117.1,11.83,288.0,26.53,217.73,107.07,127.36,73.26,38.94,49.49,118.08,5.22,16.32,37.99,16.47,216.42,9.77,46.44,78.54,111.41,35.25,33.11,48.15,69.46,21.67,61.05,46.73,50.54,46.03,70.49,79.72,28.86,36.48,10679.976999999999,2016-11-11
109.45,14.69,53.09,188.13,45.28,35.22,57.4,25.57,20.96,22.17,29.97,30.39,44.2,53.11,33.45,33.69,32.35,36.74,22.75,119.75,12.1,289.78,26.42,218.12,107.35,124.5,72.87,38.23,48.4,118.59,5.37,16.26,37.94,17.56,216.92,10.04,46.9,78.07,111.37,35.91,33.12,48.82,70.75,21.61,60.94,46.59,50.59,46.22,71.56,79.27,28.88,36.98,10679.976999999999,2016-11-10
109.9,14.81,52.76,185.96,44.65,36.25,57.56,25.65,21.01,22.14,30.65,30.39,48.29,53.73,36.31,33.91,32.47,36.74,24.59,121.56,12.28,284.99,25.91,217.69,106.43,122.54,74.22,36.74,46.45,118.69,5.52,16.33,38.01,17.45,216.38,10.28,47.14,79.4,111.0,36.98,32.29,48.26,70.45,20.84,59.67,47.35,51.98,47.36,70.78,78.98,28.9,37.05,10679.776000000002,2016-11-09
110.93,14.74,52.88,183.38,44.73,37.47,57.51,25.64,21.32,22.32,31.74,30.01,52.79,56.37,37.54,33.99,32.5,37.63,23.96,121.64,12.29,261.62,25.73,215.31,104.83,118.88,75.62,34.94,43.97,120.46,5.41,16.69,38.4,17.4,214.11,10.1,46.9,80.62,109.62,37.98,31.88,47.26,69.32,19.99,58.21,47.41,52.7,49.17,68.37,78.82,26.83,35.51,10679.588,2016-11-08
111.11,14.76,53.08,182.36,44.51,37.23,57.35,25.56,21.18,22.25,31.65,29.9,51.88,55.76,37.27,33.83,32.34,37.36,24.08,122.15,12.34,261.17,25.93,214.32,104.32,118.57,75.16,35.09,44.22,120.73,5.41,16.86,38.61,17.29,213.15,10.16,46.76,80.2,109.15,37.8,31.93,47.11,69.23,19.98,57.86,47.18,52.48,48.79,68.18,78.5,26.49,35.58,10679.403999999999,2016-11-07
111.24,14.7,52.53,178.71,43.38,35.93,56.57,25.19,21.13,21.64,30.62,29.46,49.35,54.38,35.36,33.31,31.78,36.24,25.07,124.39,12.56,251.7,25.54,209.67,102.2,115.74,73.95,34.09,42.99,120.81,5.29,17.63,39.48,17.46,208.55,9.98,46.03,78.82,106.79,36.56,31.38,46.4,67.77,19.49,56.47,46.18,51.61,47.95,66.48,76.73,26.02,34.73,10679.229,2016-11-04
111.01,14.8,53.18,179.11,43.82,36.3,57.12,25.37,21.4,21.9,30.8,29.76,48.85,54.54,35.51,33.63,32.05,36.56,25.3,124.3,12.55,246.87,25.2,210.02,102.37,115.0,73.56,34.04,42.94,120.45,5.31,17.58,39.4,17.42,208.78,10.08,46.49,78.2,106.86,36.95,30.95,46.24,68.14,19.55,56.42,46.26,52.08,48.1,66.02,76.88,25.54,35.06,10679.071000000002,2016-11-03
111.16,14.85,52.97,179.35,43.91,36.4,57.18,25.51,21.48,21.98,30.88,29.74,48.65,54.48,35.83,33.69,32.15,36.62,24.76,123.64,12.48,254.33,25.32,210.9,102.53,115.56,73.99,34.03,42.91,120.69,5.45,17.43,39.24,17.56,209.74,10.28,46.51,78.81,107.33,37.04,31.06,46.23,67.87,19.53,56.51,46.71,52.44,47.92,66.65,77.08,24.92,34.81,10678.913,2016-11-02
111.03,15.03,53.29,180.12,44.48,36.84,57.57,25.71,21.66,22.34,31.18,29.9,49.39,54.9,36.47,33.96,32.39,37.1,25.13,122.73,12.39,259.09,25.48,212.23,103.32,117.05,74.95,34.59,43.69,120.51,5.63,17.21,39.03,17.41,211.01,10.57,46.82,79.98,108.08,37.47,31.23,46.48,68.63,19.66,56.72,47.01,52.57,48.53,67.0,77.55,25.43,35.45,10678.758999999998,2016-11-01
111.3,14.96,53.36,181.17,45.15,37.14,57.82,25.91,21.57,22.56,31.52,30.0,50.83,55.35,37.76,34.14,32.57,36.86,24.52,121.94,12.32,256.68,25.78,213.69,104.04,118.5,76.64,34.67,43.79,120.98,5.6,16.99,38.73,16.97,212.55,10.53,47.01,81.76,108.89,37.75,31.62,46.75,68.62,19.74,57.21,47.42,52.8,49.43,67.36,78.1,25.47,35.35,10678.61,2016-10-31
111.16,15.16,53.33,181.36,45.01,36.93,57.79,25.86,21.6,22.64,31.3,30.02,50.64,55.25,37.39,34.22,32.65,36.85,23.81,121.58,12.29,260.49,25.67,213.75,103.9,118.03,75.52,34.58,43.49,120.87,5.9,16.97,38.74,16.87,212.54,11.01,47.06,80.45,108.82,37.45,31.58,46.73,69.37,19.77,57.1,47.44,52.67,48.46,67.78,78.04,25.02,36.2,10678.465,2016-10-28
111.16,15.26,53.15,181.53,45.05,37.08,57.81,25.8,21.76,11.34,15.62,30.04,51.03,55.21,37.77,34.08,32.61,37.26,23.73,121.01,12.23,265.47,25.39,214.38,104.0,118.36,75.37,34.91,44.0,121.01,6.03,16.87,38.63,16.73,213.17,11.21,47.1,80.26,109.18,37.66,31.24,46.61,69.56,19.86,56.76,47.49,52.45,48.31,69.28,78.22,24.95,36.81,10678.341,2016-10-27
111.44,15.17,53.46,181.77,44.75,37.4,57.88,25.8,21.95,11.27,15.83,30.06,51.08,55.58,37.84,34.05,32.56,37.59,24.13,120.79,12.21,265.31,25.87,214.97,104.26,119.73,77.14,34.75,43.7,121.56,5.96,16.79,38.52,16.71,213.74,11.09,47.05,82.42,109.55,37.95,31.64,46.67,69.82,19.81,57.15,47.55,52.69,48.6,68.96,78.88,25.62,36.77,10678.216999999999,2016-10-26
111.66,15.27,53.72,181.48,44.7,37.8,58.14,25.93,22.02,11.25,15.91,30.22,51.86,56.49,38.19,34.18,32.67,37.97,24.65,121.47,12.27,265.18,25.94,215.42,104.22,120.93,78.05,34.52,43.38,122.07,6.06,16.71,38.43,16.86,214.17,11.24,47.28,83.51,109.88,38.23,31.8,46.74,69.66,19.69,56.95,47.82,52.76,48.48,69.38,79.22,25.71,36.76,10678.076000000001,2016-10-25
111.66,15.34,53.91,181.96,44.74,37.76,58.18,25.92,22.06,11.28,15.84,30.26,52.13,56.47,38.08,34.24,32.69,38.11,24.09,120.56,12.18,266.41,26.71,216.11,104.33,121.84,78.2,34.67,43.54,122.16,6.19,16.62,38.33,16.7,214.89,11.43,47.46,83.66,110.35,38.26,32.92,47.17,69.98,19.71,57.1,47.99,52.57,48.18,69.58,80.16,25.66,37.46,10677.931,2016-10-24
111.83,15.33,53.99,181.22,44.53,37.6,58.19,25.84,21.83,11.21,15.74,30.42,51.95,56.19,37.77,34.09,32.58,37.83,24.62,120.83,12.21,267.77,26.54,215.16,104.21,121.07,77.99,34.41,43.19,122.51,6.23,16.76,38.49,16.65,213.98,11.48,47.52,83.47,109.8,38.07,32.63,47.06,70.19,19.65,56.99,47.53,52.23,48.0,69.71,79.59,25.78,37.92,10677.79,2016-10-21
111.76,15.27,54.14,181.54,44.44,37.61,58.32,25.94,21.84,11.22,15.77,30.46,51.76,56.41,37.78,34.22,32.68,37.85,24.81,120.74,12.19,270.04,26.61,215.06,104.51,121.13,78.09,34.28,43.07,122.44,6.18,16.77,38.5,16.64,213.88,11.43,47.66,83.78,109.84,38.06,32.64,47.08,70.65,19.66,57.07,47.4,51.95,48.28,70.29,78.96,25.93,38.1,10677.649,2016-10-20
111.8,15.41,54.18,182.0,43.93,37.72,58.23,25.94,21.81,11.19,15.82,30.5,52.36,57.04,37.27,34.15,32.56,37.9,24.87,121.11,12.24,267.48,26.97,215.43,104.73,121.49,78.39,34.24,42.95,122.48,6.31,16.72,38.43,16.79,214.28,11.66,47.66,83.97,110.05,38.11,32.87,47.12,70.73,19.66,57.38,47.62,51.98,48.31,69.96,79.11,25.88,38.0,10677.503,2016-10-19
111.74,15.31,54.13,181.37,43.97,37.49,58.07,25.89,21.74,11.14,15.72,30.4,51.54,56.6,37.36,34.07,32.5,37.86,24.2,120.42,12.16,269.43,26.91,214.9,104.34,120.98,78.06,33.64,42.12,122.32,6.18,16.78,38.53,16.72,213.71,11.45,47.6,83.79,109.7,37.91,32.92,46.78,69.74,19.49,57.2,47.53,52.28,48.42,70.22,78.76,25.32,37.37,10677.358,2016-10-18
111.56,15.28,53.49,180.72,43.75,36.84,57.5,25.67,21.51,10.94,15.45,29.98,50.21,55.67,36.47,33.73,32.16,37.25,23.34,119.68,12.09,265.72,26.75,213.58,103.75,120.29,77.53,33.21,41.71,122.02,6.13,17.0,38.75,16.57,212.38,11.37,47.0,83.26,109.06,37.25,32.85,46.36,69.46,19.33,57.08,47.27,52.12,48.01,69.39,78.24,24.86,37.37,10677.213,2016-10-17
111.37,15.26,53.57,181.29,43.77,36.88,57.67,25.77,21.62,10.87,15.46,30.2,49.98,55.36,36.05,33.75,32.21,37.59,22.99,119.36,12.06,266.08,26.76,214.29,104.05,120.43,77.43,33.38,42.0,121.62,6.18,16.89,38.63,16.56,213.12,11.44,47.18,83.08,109.37,37.32,32.91,46.32,69.8,19.42,57.23,47.37,52.37,47.75,69.62,78.89,24.43,37.66,10677.068000000001,2016-10-14
111.56,15.25,53.69,180.84,43.54,36.82,57.57,25.64,21.49,10.78,15.53,30.3,50.13,55.54,35.83,33.62,32.04,37.23,23.49,120.03,12.13,271.11,26.75,214.27,104.09,120.92,77.69,33.22,41.79,122.19,6.18,16.9,38.66,16.61,213.01,11.49,47.12,83.45,109.4,37.22,32.92,46.17,70.21,19.33,57.11,47.19,52.36,48.02,70.09,78.98,24.68,38.07,10676.935,2016-10-13
111.4,15.15,53.77,181.37,43.91,37.15,57.79,25.78,21.74,10.86,15.73,30.4,50.48,56.09,35.45,33.77,32.24,37.83,23.07,119.74,12.1,270.13,27.09,214.93,104.47,121.93,77.26,33.97,42.83,121.89,6.16,16.8,38.53,16.65,213.71,11.43,47.29,82.8,109.79,37.45,33.24,46.41,70.6,19.52,57.13,47.49,52.35,47.43,70.06,79.27,25.15,38.23,10676.812,2016-10-12
111.36,15.26,53.79,181.2,43.7,37.22,57.92,25.97,21.6,10.89,15.56,30.4,50.63,56.03,35.58,33.94,32.4,37.88,22.58,119.55,12.09,277.0,26.99,214.66,104.36,122.03,76.23,34.01,42.9,121.73,6.23,16.83,38.57,16.56,213.43,11.58,47.44,81.86,109.66,37.49,33.05,46.5,70.9,19.54,57.02,47.41,52.06,46.97,70.39,78.9,24.95,38.63,10676.658000000001,2016-10-11
111.53,15.35,54.4,183.12,44.19,38.1,58.75,26.25,22.25,11.07,15.89,31.06,50.92,58.2,35.87,34.33,32.8,39.04,23.16,120.16,12.14,288.07,27.35,217.34,105.7,124.3,77.0,34.38,43.47,122.11,6.29,16.43,38.1,16.73,216.16,11.67,48.17,82.66,111.14,38.2,33.62,47.14,71.72,19.72,57.62,47.95,52.33,47.51,72.2,79.87,25.7,39.11,10676.508,2016-10-10
111.58,15.18,54.59,182.22,43.68,37.69,58.58,26.08,22.1,10.99,15.75,31.1,49.19,57.61,35.46,34.19,32.64,38.49,23.0,119.74,12.1,284.1,27.22,216.25,105.15,122.83,76.55,34.22,43.24,122.11,6.06,16.59,38.29,16.6,215.04,11.33,48.07,82.15,110.54,37.94,33.5,46.86,70.61,19.62,57.56,47.62,52.33,47.12,71.87,79.74,25.67,38.33,10676.508,2016-10-07
111.56,15.22,55.3,182.52,44.01,37.86,58.88,26.27,22.14,11.02,15.75,31.46,49.54,57.96,35.14,34.44,32.86,38.8,22.84,119.66,12.09,284.16,27.68,217.1,105.42,123.82,76.66,34.2,43.21,121.82,6.22,16.48,38.16,16.44,215.78,11.51,48.49,82.29,110.96,38.07,34.13,47.75,71.02,19.63,58.31,47.75,52.47,47.18,71.92,80.1,25.54,38.9,10676.372,2016-10-06
111.56,15.19,55.7,182.66,44.03,37.83,59.2,26.39,22.17,11.04,15.73,31.78,49.93,57.66,34.92,34.57,32.96,38.66,23.58,120.78,12.22,290.8,27.43,216.89,105.45,123.95,76.53,34.17,43.28,121.81,6.1,16.5,38.2,16.85,215.63,11.35,48.86,82.26,110.92,38.07,33.85,47.36,70.91,19.6,58.31,47.64,52.37,47.19,72.19,80.04,25.59,38.98,10676.235,2016-10-05
111.71,15.1,55.31,181.48,43.26,37.29,58.96,26.28,21.94,10.85,15.58,31.76,49.4,56.92,34.04,34.4,32.7,37.74,23.4,120.97,12.24,288.26,27.24,215.94,104.7,123.21,78.04,33.54,42.46,121.94,5.92,16.64,38.37,16.94,214.68,11.09,48.68,83.96,110.49,37.5,33.66,47.04,69.84,19.29,57.94,47.47,52.42,47.29,71.91,79.71,25.13,38.08,10676.098,2016-10-04
112.09,15.14,55.49,182.32,42.79,37.71,58.97,26.16,22.05,10.94,15.7,31.66,49.16,58.04,34.66,34.34,32.64,38.05,25.96,125.32,12.66,290.0,27.4,216.89,105.21,123.82,79.18,33.23,41.86,122.51,5.95,16.5,38.21,17.87,215.78,11.1,48.63,85.12,110.99,37.88,33.7,47.69,70.56,19.21,58.43,47.64,52.87,48.3,72.05,79.99,26.21,38.54,10675.958,2016-10-03
112.42,15.01,55.32,182.78,42.91,37.45,59.13,26.27,22.01,11.02,15.7,31.68,48.48,58.13,33.73,34.49,32.76,38.01,26.43,125.64,12.69,289.46,27.55,217.56,105.62,124.21,80.64,33.38,42.27,123.18,5.83,16.39,38.07,18.2,216.3,10.93,48.73,86.74,111.33,37.63,33.94,47.75,70.61,19.3,58.38,47.78,53.21,48.99,72.11,80.04,26.52,38.46,10675.821000000002,2016-09-30
112.54,14.96,54.75,181.22,42.77,37.29,58.67,25.69,21.93,10.81,15.63,31.48,48.65,57.81,33.58,33.89,32.24,37.92,26.69,126.07,12.73,285.87,27.41,215.94,104.7,122.86,81.03,32.9,41.52,123.4,5.76,16.65,38.36,18.11,214.68,10.87,48.17,87.34,110.46,37.36,33.65,47.4,69.66,19.04,57.86,47.53,52.68,49.33,71.38,79.4,26.47,37.73,10675.701000000001,2016-09-29
112.54,14.87,55.4,183.1,42.89,37.95,59.41,26.21,22.15,10.98,15.78,31.72,49.47,58.63,34.53,34.52,32.82,38.32,26.91,126.22,12.76,295.08,27.73,217.9,105.71,124.68,81.91,33.39,42.22,123.45,5.67,16.35,38.01,18.21,216.64,10.65,48.92,88.52,111.55,37.99,34.09,47.77,69.78,19.31,58.32,47.82,53.2,50.08,72.66,79.81,26.9,37.45,10675.59,2016-09-28
112.51,14.53,54.67,182.0,42.69,37.61,58.99,25.95,21.98,10.84,15.66,31.36,48.95,58.3,33.93,34.14,32.48,38.0,26.28,126.62,12.8,297.48,27.55,216.76,104.69,123.73,81.46,33.05,41.71,123.37,5.4,16.53,38.25,18.17,215.57,10.15,48.37,87.8,110.9,37.62,34.32,47.23,66.89,19.22,57.87,47.73,53.11,50.15,72.77,79.59,25.95,35.25,10675.475,2016-09-27
112.37,14.67,54.85,180.75,42.23,37.08,58.71,26.01,21.75,10.89,15.46,31.28,47.16,57.03,33.41,34.19,32.5,37.52,26.78,127.55,12.88,294.53,27.45,215.45,104.35,123.23,82.1,32.77,41.28,123.07,5.54,16.74,38.47,18.41,214.24,10.43,48.36,88.74,110.27,37.23,34.15,47.09,67.34,19.07,57.47,47.21,52.89,50.81,72.26,78.79,26.15,36.06,10675.364,2016-09-26
112.23,14.57,55.5,182.42,43.01,37.63,59.26,26.44,22.02,11.02,15.66,31.6,47.9,57.65,33.87,34.61,32.95,38.31,27.02,127.65,12.9,298.18,27.62,218.35,105.76,124.81,82.7,33.46,42.23,122.88,5.44,16.47,38.14,18.68,215.99,10.19,48.86,88.53,111.15,37.69,34.44,47.31,67.64,19.38,57.72,47.49,53.34,50.94,73.11,79.67,26.28,36.15,10675.257,2016-09-23
112.26,14.74,55.79,183.66,43.55,38.12,59.76,26.54,22.19,11.16,15.81,31.88,48.7,58.3,34.28,34.8,33.14,38.96,27.74,127.57,12.89,300.08,27.73,219.5,106.37,125.7,82.49,33.46,42.22,122.97,5.64,16.29,37.93,18.9,217.18,10.53,49.24,88.26,111.79,38.19,34.54,47.55,68.55,19.48,58.06,47.91,53.58,50.98,73.34,79.85,26.5,37.16,10675.18,2016-09-22
112.03,14.66,55.24,182.66,42.9,37.85,59.16,26.14,22.1,11.05,15.86,31.6,47.61,57.84,34.03,34.29,32.59,38.82,27.9,127.27,12.85,297.53,27.4,218.16,105.72,123.92,80.92,33.26,41.89,122.47,5.57,16.51,38.21,18.85,215.82,10.4,48.7,86.71,110.98,38.02,34.16,47.4,68.47,19.44,57.65,47.62,53.11,50.67,72.79,79.27,26.3,36.82,10675.103000000001,2016-09-21
111.75,14.48,54.6,181.05,42.07,36.82,58.14,25.79,21.85,10.82,15.51,31.26,46.65,56.22,33.09,33.79,32.11,37.89,26.06,125.44,12.67,295.7,27.15,215.75,104.45,122.15,80.0,33.08,41.7,121.85,5.39,16.87,38.62,18.27,213.42,10.07,48.1,85.61,109.72,37.12,33.81,46.69,66.92,19.32,56.91,47.09,52.82,49.66,72.07,78.51,25.03,35.53,10675.01,2016-09-20
111.71,14.43,54.71,180.98,41.53,36.8,57.79,25.68,21.87,10.92,15.5,31.24,46.72,55.73,32.78,33.72,32.07,37.81,26.09,125.32,12.65,291.52,27.52,215.73,104.58,122.67,80.13,33.11,41.76,121.69,5.33,16.87,38.63,18.2,213.41,9.98,48.0,85.74,109.77,37.11,34.12,46.83,67.41,19.31,56.86,47.12,52.68,49.75,71.85,78.45,24.95,36.09,10674.881000000001,2016-09-19
111.8,14.44,54.55,180.97,41.57,36.51,57.49,25.52,21.88,10.8,15.03,31.0,46.77,55.2,32.67,33.47,31.82,37.73,25.96,125.06,12.64,291.63,27.27,215.62,104.4,121.86,79.38,33.02,41.6,121.73,5.32,16.91,38.64,17.86,213.37,10.0,47.61,84.97,109.61,36.8,33.85,46.76,67.45,23.62,56.61,47.21,52.79,49.26,72.11,78.51,24.48,36.13,10674.753,2016-09-16
111.72,14.42,55.23,182.26,41.98,36.76,58.24,26.1,21.98,11.16,15.14,31.48,47.43,55.54,32.92,34.12,32.62,37.95,26.18,125.37,12.67,290.15,27.65,216.52,104.88,122.04,79.46,33.46,42.16,121.59,5.42,16.77,38.46,18.04,215.28,10.14,48.46,84.93,110.05,37.05,34.3,47.19,68.41,23.96,57.4,47.58,53.29,49.2,72.34,78.98,24.59,36.28,10674.63,2016-09-15
111.65,14.35,54.84,180.43,41.81,36.14,57.74,25.89,21.64,11.09,14.89,31.14,47.68,54.91,31.97,33.88,32.42,37.26,26.01,126.18,12.74,285.93,27.5,214.35,103.93,120.6,79.1,33.2,41.74,121.51,5.38,17.09,38.86,18.02,213.15,10.09,48.06,84.61,108.93,36.47,34.07,46.89,67.57,23.82,56.95,46.81,52.86,48.83,71.6,78.41,24.28,35.71,10674.506000000001,2016-09-14
111.51,14.46,54.76,180.8,42.35,36.03,57.82,25.9,21.52,11.12,14.78,31.1,48.31,54.67,32.09,33.98,32.57,37.26,26.06,125.75,12.7,282.62,27.5,214.47,104.26,120.58,78.86,33.44,42.11,121.43,5.52,17.07,38.83,17.93,213.23,10.37,48.05,84.34,108.92,36.34,34.16,47.0,68.38,23.88,57.0,46.59,53.02,48.64,71.6,78.4,24.37,36.6,10674.365,2016-09-13
111.82,14.65,55.9,183.3,42.78,36.96,59.01,26.25,22.04,11.45,15.1,31.82,49.46,56.49,33.74,34.63,33.32,38.28,27.04,126.59,12.78,287.11,28.07,217.63,106.13,122.94,80.83,33.94,42.73,121.83,5.69,16.61,38.32,18.17,216.34,10.64,49.3,87.11,111.19,37.72,34.76,47.89,70.39,24.31,57.85,46.93,53.68,49.32,72.57,79.53,25.6,38.25,10674.211000000001,2016-09-12
111.73,14.65,55.59,180.91,42.87,36.71,58.53,26.07,21.95,11.41,15.04,31.62,49.19,56.36,33.08,34.4,33.08,38.23,26.41,126.75,12.81,278.63,27.75,214.54,104.65,121.25,79.86,33.73,42.46,121.82,5.66,17.09,38.86,18.11,213.28,10.59,48.86,86.09,109.66,37.41,34.3,47.44,69.7,24.04,57.12,46.16,52.69,48.46,71.51,78.43,25.14,37.8,10674.053,2016-09-09
112.22,14.88,56.81,184.82,43.45,37.99,59.69,26.65,22.1,11.71,15.64,32.22,50.73,58.34,35.1,35.17,33.81,39.02,27.9,127.59,12.88,288.03,28.88,219.81,107.33,125.16,83.17,34.01,42.76,122.74,5.9,16.32,37.94,18.62,218.51,10.96,49.93,89.64,112.46,38.63,35.94,48.86,71.84,24.5,58.78,47.32,54.16,50.35,72.97,80.37,26.66,39.12,10673.908000000001,2016-09-08
112.61,14.62,56.5,185.32,43.27,38.09,59.86,26.79,21.9,11.58,15.71,32.26,51.53,59.02,34.96,35.19,33.79,38.65,28.52,128.27,12.96,286.1,29.16,220.33,107.28,125.41,84.13,33.88,42.64,123.61,5.63,16.23,37.85,18.78,219.01,10.52,49.92,90.75,112.75,38.71,36.3,49.07,70.52,24.52,58.83,47.71,54.46,50.18,72.91,81.07,26.96,38.09,10673.763,2016-09-07
112.55,14.49,56.41,185.32,43.33,38.21,59.83,26.69,21.86,11.5,15.68,32.46,52.01,58.97,34.98,35.1,33.71,38.66,28.68,128.71,13.01,284.09,28.94,220.37,107.21,124.63,83.65,33.68,42.31,123.78,5.53,16.25,37.86,19.05,219.03,10.39,49.95,90.21,112.6,38.76,36.07,49.14,70.12,24.53,58.76,47.59,54.94,50.17,72.91,81.03,27.1,37.84,10673.618,2016-09-06
112.31,14.39,55.68,184.86,43.98,37.41,59.43,26.54,21.64,11.47,15.26,32.4,51.48,57.2,34.4,34.91,33.5,38.08,27.35,126.57,12.78,280.61,28.97,219.63,106.9,124.51,83.06,34.23,43.09,123.35,5.45,16.33,37.96,18.44,218.37,10.24,49.67,89.52,112.28,38.1,36.14,49.25,69.08,24.57,58.93,47.35,54.82,49.63,72.65,80.88,26.1,37.35,10673.481000000002,2016-09-02
112.46,14.23,55.38,184.1,43.52,36.81,58.75,26.3,21.28,11.37,15.08,31.74,50.72,56.61,33.63,34.48,33.03,37.33,26.42,125.29,12.65,281.44,28.9,218.67,106.27,123.32,82.4,33.96,42.72,123.57,5.36,16.48,38.18,17.94,217.39,10.06,49.0,88.75,111.71,37.53,36.02,48.76,68.31,24.46,58.64,47.14,54.4,48.98,72.57,80.72,25.97,36.66,10673.344,2016-09-01
112.57,14.39,54.58,183.94,43.2,36.53,58.35,26.21,21.03,11.29,15.03,31.54,50.47,56.35,33.52,34.21,32.85,37.05,25.49,124.78,12.6,280.89,29.04,218.65,106.39,123.23,82.54,34.15,43.02,123.89,5.53,16.5,38.18,17.72,217.38,10.36,48.61,88.97,111.65,37.33,36.14,48.56,68.51,24.56,58.59,46.99,54.38,49.23,72.76,80.56,25.68,36.79,10673.203000000001,2016-08-31
112.59,14.67,54.6,184.51,42.83,36.94,58.47,26.33,21.13,11.22,15.2,31.6,50.74,56.7,33.78,34.28,32.88,37.45,25.9,125.03,12.64,283.29,29.16,219.26,106.71,123.93,82.38,34.1,42.88,123.94,5.75,16.39,38.05,17.67,218.0,10.73,48.71,88.88,111.97,37.69,36.28,49.05,69.61,24.54,58.92,47.07,54.31,49.03,72.98,80.77,25.81,37.52,10673.063,2016-08-30
112.65,14.81,54.89,184.83,42.27,37.04,58.55,26.27,20.95,11.18,15.27,31.7,51.26,56.68,33.96,34.23,32.77,37.21,27.24,126.3,12.76,283.87,29.02,219.6,106.68,123.7,82.52,33.72,42.43,124.1,5.82,16.35,37.98,17.9,218.36,10.85,48.83,89.05,112.15,37.75,36.27,49.17,69.85,24.32,59.08,47.23,54.63,49.55,73.23,81.22,26.66,37.59,10672.921999999999,2016-08-29
112.34,14.87,54.67,183.82,41.9,36.76,58.37,26.15,20.94,11.19,15.21,31.58,51.07,56.21,32.98,34.13,32.67,36.93,27.18,126.05,12.73,285.14,28.88,218.56,105.86,123.06,81.75,33.43,42.11,123.4,5.86,16.51,38.17,17.72,217.29,10.95,48.6,88.18,111.54,37.47,35.97,48.73,69.38,24.11,58.66,47.05,54.31,49.15,73.07,80.94,26.09,37.25,10672.781,2016-08-26
112.52,14.92,55.02,184.37,41.63,37.08,58.72,26.33,21.01,11.23,15.31,31.78,51.95,56.93,33.35,34.26,32.74,37.09,27.31,126.23,12.75,282.87,29.19,218.95,106.13,123.31,82.52,33.19,41.83,123.79,5.85,16.44,38.12,17.63,217.7,10.95,48.87,89.06,111.77,37.77,36.31,49.01,69.62,24.08,58.83,47.03,54.59,50.19,72.79,81.17,26.23,37.17,10672.64,2016-08-25
112.64,14.86,55.49,184.66,41.73,37.05,58.96,26.48,20.95,11.28,15.12,31.88,51.7,56.8,33.57,34.41,32.9,37.12,26.97,126.34,12.77,286.23,29.14,219.17,106.09,123.07,82.22,33.09,41.63,123.91,5.78,16.41,38.07,17.62,217.85,10.82,49.08,88.66,111.84,37.78,36.23,48.77,69.81,24.03,58.84,46.93,54.8,50.16,73.41,81.44,25.84,37.1,10672.499,2016-08-24
112.68,15.04,55.38,185.3,41.62,36.95,59.1,26.57,21.11,11.27,15.05,31.98,51.36,56.87,33.46,34.49,32.89,37.3,29.02,127.76,12.9,296.18,29.49,220.21,106.54,124.08,82.62,33.1,41.67,123.99,5.94,16.26,37.89,17.93,218.97,11.09,49.22,89.05,112.47,37.67,36.54,49.34,70.09,24.04,59.02,47.19,54.89,50.18,74.58,81.83,27.2,37.49,10672.367,2016-08-23
112.65,14.98,55.1,185.12,41.82,37.1,58.85,26.43,20.93,11.09,14.97,31.76,52.62,56.52,33.65,34.31,32.71,37.31,29.46,127.78,12.91,296.01,28.74,219.75,106.36,123.22,82.44,33.03,41.56,123.85,5.88,16.33,37.96,17.97,218.53,10.97,48.99,89.0,112.17,37.86,35.9,48.92,69.6,24.01,58.97,47.02,55.0,50.4,74.51,81.42,27.22,36.88,10672.239,2016-08-22
112.48,15.12,54.92,185.32,41.56,37.6,58.79,26.56,21.0,11.06,15.19,31.74,52.91,57.25,34.49,34.35,32.79,37.65,29.96,127.97,12.93,290.31,28.61,219.82,106.45,122.94,82.02,33.0,41.55,123.43,6.08,16.31,37.94,18.35,218.54,11.34,48.95,88.52,112.14,38.34,35.78,48.99,70.41,24.01,59.02,47.02,54.92,50.27,74.36,81.5,27.08,37.64,10672.115,2016-08-19
112.73,15.17,55.29,186.34,41.39,37.81,59.23,26.74,21.17,11.29,15.44,32.0,53.35,57.65,34.32,34.64,33.1,37.86,30.75,129.11,13.04,291.66,28.64,220.16,106.72,122.94,82.62,32.97,41.48,123.8,6.08,16.26,37.88,18.77,218.86,11.3,49.38,89.09,112.3,38.57,35.75,48.92,71.0,24.02,59.04,46.99,55.05,50.89,74.42,81.45,27.91,37.9,10671.991000000002,2016-08-18
112.57,14.98,54.59,186.1,41.58,37.46,58.93,26.54,21.09,11.2,15.33,31.7,53.05,56.83,34.52,34.46,32.98,37.53,30.37,128.5,12.98,290.9,28.58,219.65,106.31,122.04,82.86,32.87,41.3,123.5,5.88,16.35,38.01,18.68,218.37,10.99,48.99,89.42,111.95,38.26,35.62,48.61,69.57,24.04,58.86,46.97,54.86,50.27,74.39,81.5,27.57,36.85,10671.867,2016-08-17
112.36,14.92,54.72,185.76,41.06,37.7,58.95,26.66,21.19,11.25,15.45,31.7,53.62,57.59,34.59,34.54,33.08,37.79,30.81,128.47,12.98,291.09,28.87,219.25,106.05,122.4,82.62,32.77,41.17,123.16,5.85,16.39,38.04,18.82,217.96,10.92,49.07,89.06,111.81,38.4,36.01,48.65,69.36,23.96,58.69,46.99,54.71,49.53,74.24,81.69,27.79,36.79,10671.739,2016-08-16
112.43,14.8,54.69,186.52,41.82,37.87,59.04,26.63,21.33,11.33,15.59,31.54,53.8,57.84,34.84,34.58,33.14,37.96,30.86,127.84,12.91,295.21,29.0,220.37,106.52,123.4,83.6,32.8,41.28,123.38,5.79,16.23,37.86,18.83,219.09,10.76,49.09,90.14,112.45,38.6,36.32,48.91,69.25,24.02,58.95,47.34,54.95,50.12,74.91,82.16,28.1,36.81,10671.624,2016-08-15
112.63,14.56,54.68,185.9,41.64,37.48,58.81,26.5,21.21,11.28,15.52,31.5,52.96,57.21,34.46,34.47,33.06,37.12,31.05,127.4,12.86,292.52,28.72,219.71,106.12,122.19,83.66,32.33,40.67,123.76,5.62,16.33,37.97,18.72,218.46,10.5,48.94,90.23,112.04,38.18,36.07,48.42,68.7,23.86,58.56,47.11,55.09,50.9,74.78,82.0,27.34,36.08,10671.492,2016-08-12
112.36,14.45,54.57,186.3,42.11,37.62,58.96,26.53,21.28,11.24,15.65,31.56,52.98,57.74,34.88,34.45,33.05,37.04,31.04,127.67,12.9,291.91,28.88,219.89,106.19,122.07,83.43,32.46,40.86,123.2,5.46,16.3,37.93,18.96,218.65,10.21,49.0,89.85,112.15,38.33,36.16,48.94,68.32,23.93,58.72,47.16,54.9,50.83,74.97,82.04,28.05,35.78,10671.372,2016-08-11
112.66,14.23,54.34,185.12,41.61,37.14,58.54,26.38,21.06,11.18,15.68,31.28,51.99,57.27,34.12,34.21,32.82,36.27,31.3,128.56,12.99,288.81,28.74,218.88,105.67,121.49,84.23,32.35,40.76,123.61,5.21,16.45,38.13,19.16,217.64,9.77,48.62,90.88,111.59,37.89,35.89,48.73,67.33,23.88,58.34,46.99,54.9,50.71,74.54,81.23,28.12,34.85,10671.253,2016-08-10
112.53,14.4,54.04,185.35,41.74,37.13,58.34,26.27,21.15,11.09,15.58,31.24,51.74,57.03,34.46,34.0,32.66,36.48,30.76,127.96,12.93,294.56,28.84,219.42,106.11,122.37,84.34,32.76,41.3,123.26,5.41,16.37,38.05,18.87,218.18,10.07,48.41,90.98,111.92,37.98,36.07,48.72,68.07,24.07,58.37,47.14,54.7,50.7,74.79,81.06,28.34,35.31,10671.133,2016-08-09
112.24,14.44,53.67,185.28,41.64,36.88,57.88,25.64,21.12,11.01,15.45,31.2,51.02,56.33,34.11,33.52,32.2,36.14,30.5,127.44,12.88,294.18,28.82,219.28,106.13,122.24,84.03,32.72,41.2,122.54,5.43,16.39,38.06,18.74,218.05,10.1,47.93,90.49,111.82,37.73,36.12,48.87,68.43,24.05,58.39,47.04,54.53,50.71,74.61,81.3,28.82,35.77,10671.008999999998,2016-08-08
112.17,14.36,53.45,185.26,40.98,36.62,57.76,25.51,21.03,10.94,15.42,31.16,50.36,55.95,34.13,33.42,32.07,35.94,30.23,127.55,12.89,297.29,28.94,219.4,105.95,122.3,83.95,32.79,41.31,122.46,5.3,16.38,38.03,18.71,218.18,9.86,47.89,90.33,111.89,37.49,36.15,48.77,67.53,24.02,58.31,47.05,54.59,50.73,75.25,81.57,28.79,35.05,10670.877,2016-08-05
112.55,14.3,53.22,183.45,40.55,36.2,57.5,25.3,20.67,10.77,15.16,31.14,49.61,55.13,33.76,33.14,31.8,35.4,31.23,129.87,13.12,296.15,28.65,217.67,104.84,120.56,83.84,31.77,39.93,122.96,5.26,16.65,38.35,19.35,216.41,9.84,47.71,90.27,110.97,37.08,35.7,48.61,66.92,23.57,57.73,46.6,54.5,51.47,75.07,80.72,28.7,34.53,10670.761999999999,2016-08-04
112.34,14.24,53.05,183.36,39.69,36.0,57.17,25.29,20.66,10.75,15.12,31.02,49.64,54.87,33.04,33.04,31.73,35.32,30.94,129.65,13.1,297.92,28.79,217.47,104.81,120.45,84.04,31.74,39.88,122.44,5.13,16.69,38.36,19.38,216.18,9.69,47.48,90.64,110.84,36.9,35.82,48.41,67.02,23.63,57.71,46.35,54.38,51.5,75.18,80.76,28.77,34.3,10670.651000000002,2016-08-03
112.22,14.01,53.45,182.97,39.75,35.88,57.37,25.31,20.77,10.76,15.11,31.12,49.16,55.26,32.24,33.15,31.8,35.2,31.32,130.27,13.16,294.69,28.6,216.83,104.36,119.48,84.4,31.22,39.33,122.28,4.96,16.78,38.49,19.6,215.55,9.33,47.73,91.17,110.43,36.7,35.69,48.29,65.75,23.39,57.43,46.19,54.68,51.81,75.39,80.53,28.53,32.98,10670.531,2016-08-02
112.55,14.03,53.47,183.87,41.0,36.14,57.66,25.55,20.85,10.94,15.2,30.86,49.54,56.06,32.55,33.46,32.14,35.31,30.93,129.22,13.05,294.07,29.02,218.12,105.07,121.17,85.7,31.53,39.68,122.97,4.97,16.57,38.28,19.43,216.94,9.41,47.76,92.65,111.27,36.9,36.14,48.42,65.16,23.59,57.97,46.54,54.76,52.15,75.68,81.75,28.81,32.76,10670.407,2016-08-01
113.02,14.28,54.29,184.13,40.73,36.2,58.04,25.65,20.9,11.19,15.03,31.2,49.68,55.66,33.24,33.83,32.56,35.43,30.59,128.98,13.02,289.44,28.95,218.37,105.58,121.07,85.4,31.83,40.1,123.99,5.23,16.56,38.2,19.35,217.12,9.76,48.28,92.45,111.42,37.04,36.08,48.69,67.38,23.65,58.04,46.45,54.7,52.12,75.2,81.62,29.02,34.25,10670.284,2016-07-29
112.72,14.16,53.95,184.38,41.3,36.02,57.36,25.42,20.99,10.97,15.05,31.08,49.52,54.78,32.22,33.45,32.2,35.46,29.75,127.66,12.89,287.68,29.58,218.04,105.39,120.83,84.58,31.95,40.28,123.54,5.15,16.59,38.27,19.21,216.77,9.67,47.84,91.29,111.16,36.84,36.49,48.94,66.7,23.69,58.21,46.28,54.43,51.81,75.05,81.53,28.79,33.38,10670.168,2016-07-28
112.73,14.2,53.65,184.58,41.14,36.01,57.42,25.3,20.99,11.03,14.95,31.18,49.76,54.59,32.59,33.4,32.18,35.65,29.8,128.03,12.94,287.03,29.55,217.78,105.35,121.14,83.96,31.93,40.28,123.66,5.31,16.63,38.33,19.37,216.52,9.9,47.83,90.45,111.02,36.86,35.9,49.01,66.69,23.64,58.23,46.25,54.19,51.61,75.12,81.38,28.48,33.22,10670.062,2016-07-27
112.4,14.34,52.82,184.6,40.62,35.89,57.21,25.07,21.09,10.92,14.95,30.98,50.03,54.29,32.57,33.08,31.9,35.79,28.5,126.0,12.73,280.28,29.71,218.0,105.76,120.8,84.56,31.98,40.18,123.15,5.38,16.61,38.29,18.66,216.75,10.08,47.5,91.16,111.15,36.81,36.09,48.95,67.35,23.65,58.46,45.87,55.01,52.21,74.78,81.63,28.01,33.92,10669.928999999998,2016-07-26
112.4,14.4,52.79,184.81,41.27,35.61,56.97,24.89,20.72,10.87,14.75,30.94,50.19,53.7,32.42,32.94,31.74,35.37,27.73,125.47,12.68,282.26,29.49,217.91,105.51,120.22,84.95,31.75,39.96,123.27,5.46,16.61,38.3,18.54,216.65,10.13,47.34,91.61,111.03,36.59,35.78,48.58,66.96,23.63,57.98,45.77,55.44,52.67,74.91,81.73,26.55,33.31,10669.796999999999,2016-07-25
112.53,14.56,52.36,185.51,41.42,35.97,57.04,24.78,20.78,10.95,14.96,30.9,51.36,54.31,32.86,32.91,31.75,35.66,28.78,126.35,12.76,280.9,29.44,218.47,105.93,120.4,85.03,31.86,40.09,123.34,5.65,16.52,38.21,18.67,217.24,10.42,47.29,91.78,111.32,36.89,35.63,48.66,68.32,23.68,58.29,45.83,55.5,52.76,74.99,81.6,27.01,34.18,10669.661,2016-07-22
112.51,14.59,52.55,184.98,41.22,35.7,56.93,24.79,20.66,10.96,14.93,30.96,51.06,53.8,32.4,32.83,31.71,35.47,28.87,127.3,12.86,280.25,29.36,217.52,105.42,119.51,84.33,31.56,39.73,123.41,5.67,16.68,38.37,18.88,216.26,10.49,47.26,90.98,110.79,36.65,35.36,48.53,68.11,23.53,58.18,45.56,55.24,52.07,74.84,81.26,26.84,34.11,10669.524,2016-07-21
112.41,14.67,52.43,185.78,41.87,35.82,57.16,24.77,20.68,10.98,14.9,31.04,51.17,53.95,32.75,32.91,31.73,35.5,27.99,125.39,12.67,276.54,29.45,218.31,105.8,120.08,84.21,31.76,40.0,123.27,5.79,16.55,38.21,18.42,217.08,10.73,47.4,90.8,111.23,36.75,35.6,48.83,68.79,23.65,58.78,45.8,55.4,51.76,74.62,81.48,26.61,34.69,10669.392,2016-07-20
112.51,14.77,51.95,185.42,41.33,35.64,56.65,24.46,20.37,10.94,14.84,30.78,50.91,53.95,32.72,32.63,31.45,35.08,29.67,127.21,12.85,269.99,29.21,217.39,105.59,119.3,84.23,31.9,40.19,123.31,5.79,16.69,38.4,18.92,216.19,10.7,46.95,90.79,110.64,36.56,35.27,48.81,68.89,23.61,58.67,45.21,55.6,52.06,73.95,81.14,27.13,34.67,10669.255,2016-07-19
112.32,14.86,52.22,185.08,41.67,36.0,57.1,24.74,20.45,11.03,14.97,31.12,51.32,54.56,32.6,32.87,31.75,35.75,29.98,127.04,12.84,273.49,29.3,217.63,105.72,119.9,83.85,31.78,40.14,123.09,5.85,16.66,38.36,19.1,216.41,10.82,47.31,90.35,110.86,36.88,35.33,49.1,69.28,23.6,58.64,45.31,55.64,52.15,74.11,81.29,28.06,35.02,10669.123,2016-07-18
112.26,14.93,51.92,184.88,41.37,35.69,56.96,24.73,20.24,11.06,14.73,30.94,50.65,54.34,32.03,32.89,31.86,35.46,29.87,126.84,12.82,272.53,29.17,217.03,105.53,119.7,83.64,31.89,40.35,123.09,5.93,16.74,38.44,19.08,215.83,10.99,47.22,90.11,110.55,36.56,35.17,48.78,69.23,23.52,58.69,45.01,55.7,52.0,74.08,80.98,28.04,34.84,10668.986,2016-07-15
112.67,14.97,52.28,184.96,41.21,35.77,57.25,24.83,20.21,11.08,14.63,31.14,50.83,54.48,32.0,33.08,32.01,35.56,30.21,127.33,12.86,268.47,29.16,217.35,105.63,119.37,83.57,31.86,40.27,123.56,5.89,16.72,38.44,19.25,216.12,10.87,47.51,90.08,110.67,36.69,35.15,48.61,69.27,23.56,58.7,45.05,55.7,51.85,74.14,81.34,27.88,35.06,10668.854,2016-07-14
112.77,14.91,51.7,183.6,40.9,35.26,56.76,24.45,20.0,10.95,14.49,30.88,50.52,53.45,31.38,32.7,31.62,34.99,30.37,128.32,12.96,267.8,29.23,216.16,105.07,119.25,84.19,31.36,39.65,123.86,5.84,16.89,38.63,19.39,214.92,10.75,47.02,90.89,110.14,36.19,35.2,48.18,68.92,23.34,58.26,44.76,55.71,52.19,73.82,81.01,27.59,35.11,10668.722,2016-07-13
112.61,15.1,51.8,183.39,41.0,35.32,56.82,24.41,20.04,11.01,14.52,30.94,50.87,53.4,30.96,32.62,31.53,35.14,29.4,127.15,12.85,272.56,29.28,216.18,105.0,119.72,83.84,31.37,39.63,123.38,6.04,16.9,38.65,19.09,214.95,11.19,47.02,90.39,110.2,36.25,35.28,48.05,69.52,23.34,58.12,44.75,55.4,51.78,73.85,81.41,27.34,35.86,10668.589,2016-07-12
112.95,14.82,50.75,182.12,39.66,34.83,56.06,24.03,19.7,10.64,14.33,30.36,50.06,52.68,30.68,32.05,30.91,34.44,30.6,129.29,13.07,270.56,29.24,214.67,104.02,118.14,83.74,30.71,38.74,124.08,5.77,17.15,38.89,19.3,213.4,10.65,46.34,90.4,109.29,35.7,35.12,47.19,67.84,23.05,57.59,44.39,55.7,52.5,73.49,81.09,26.73,34.2,10668.466,2016-07-11
113.25,14.88,49.7,181.3,37.79,34.5,55.25,23.65,19.61,10.55,14.13,29.94,49.69,52.46,30.39,31.63,30.49,34.18,30.54,130.52,13.18,271.13,29.14,213.86,103.61,116.79,83.14,30.33,38.24,124.4,5.86,17.27,39.02,19.22,212.65,10.83,45.66,89.8,108.84,35.41,34.88,46.96,67.71,22.92,57.23,44.13,55.69,52.54,73.69,80.62,26.17,34.3,10668.333,2016-07-08
113.08,14.73,48.71,178.79,37.55,33.77,54.42,23.13,19.37,10.11,13.92,29.6,48.41,51.68,29.03,30.96,29.88,33.46,29.61,129.74,13.11,267.84,28.35,210.66,101.99,114.13,81.93,29.79,37.65,123.71,5.87,17.79,39.61,18.71,209.53,10.82,44.92,88.37,107.17,34.64,34.06,45.82,66.82,22.49,56.11,43.45,55.14,52.0,72.79,79.24,25.11,33.73,10668.218,2016-07-07
113.16,15.16,48.7,178.98,37.63,33.86,54.64,23.3,19.42,10.3,13.85,29.76,48.5,51.28,29.35,31.16,30.11,33.62,30.57,130.23,13.16,266.24,28.18,210.84,102.26,113.89,82.66,29.5,37.12,123.69,6.13,17.77,39.61,19.1,209.66,11.33,45.11,89.29,107.22,34.79,33.95,45.7,67.51,22.46,55.96,43.45,55.25,52.98,72.9,78.9,25.19,34.32,10668.094,2016-07-06
112.95,15.1,48.79,178.21,37.93,33.95,54.74,23.37,19.4,10.39,13.94,30.02,48.8,51.99,29.53,31.26,30.2,33.7,29.64,129.47,13.08,260.08,27.65,209.64,102.29,113.69,82.96,29.27,36.85,123.47,6.04,17.97,39.85,18.98,208.41,11.18,45.25,89.68,106.57,34.79,33.31,45.52,67.22,22.4,55.68,43.15,55.2,52.87,72.09,78.23,24.54,34.08,10667.979,2016-07-05
112.65,15.54,51.19,179.31,38.37,34.69,55.82,24.12,19.73,10.82,14.21,30.74,50.51,52.83,30.53,32.29,31.14,34.48,29.05,128.41,12.97,262.75,27.87,211.13,103.34,115.39,82.33,30.18,37.99,123.05,6.38,17.73,39.57,18.74,209.92,11.78,46.72,88.7,107.37,35.49,33.75,46.36,68.6,22.74,56.19,43.47,54.89,52.48,72.16,78.87,25.0,35.4,10667.86,2016-07-01
112.62,15.35,51.03,179.0,38.78,34.36,55.82,24.05,19.58,10.85,14.05,30.74,50.37,52.07,30.18,32.27,31.17,34.22,27.71,126.47,12.76,257.34,27.65,210.5,103.23,114.98,82.39,30.48,38.4,122.74,6.25,17.81,39.66,17.86,209.48,11.57,46.66,88.67,107.16,35.23,33.54,46.34,68.24,22.86,56.01,43.37,55.15,52.47,71.7,78.06,24.41,34.81,10667.745,2016-06-30
112.39,15.44,50.08,176.64,38.91,34.02,55.0,23.71,19.27,10.57,13.95,29.94,49.34,51.67,29.69,31.63,30.51,33.76,27.15,125.84,12.7,256.05,27.18,207.8,101.67,112.88,81.48,29.89,37.54,122.31,6.41,18.29,40.18,17.37,206.66,11.79,45.65,87.76,105.71,34.88,33.05,45.61,67.7,22.5,54.96,42.9,53.94,51.36,71.04,77.49,23.3,35.14,10667.633999999998,2016-06-29
112.47,15.22,49.27,173.82,38.39,33.18,54.01,23.39,18.93,10.4,13.69,29.18,47.66,50.49,28.53,31.04,29.95,33.16,26.6,125.32,12.66,250.66,26.62,204.38,99.84,110.37,80.45,29.12,36.6,122.35,6.2,18.96,40.88,16.91,203.2,11.47,44.74,86.71,103.85,34.08,32.5,44.85,66.44,22.0,54.0,42.25,53.32,51.22,69.71,76.26,22.78,34.34,10667.523000000001,2016-06-28
112.33,14.98,47.93,171.2,37.74,32.23,52.63,22.92,18.66,10.06,13.36,27.98,46.31,48.95,27.34,30.24,29.18,32.38,27.06,126.68,12.8,241.49,26.04,200.63,98.01,108.69,78.74,28.19,35.51,121.68,6.0,19.66,41.65,16.87,199.6,11.19,43.32,84.92,101.98,33.13,31.69,44.47,64.64,21.45,53.1,41.43,52.98,51.03,68.38,74.77,22.29,32.82,10667.412,2016-06-27
111.86,15.01,50.36,173.76,38.62,32.64,53.66,23.49,18.82,10.35,13.41,29.14,47.33,49.98,27.79,30.9,29.86,32.48,26.71,126.01,12.72,249.04,26.78,204.49,100.05,112.55,78.83,29.87,37.63,121.17,6.16,18.95,40.94,16.89,203.13,11.4,44.48,84.87,104.04,33.48,32.64,46.02,66.78,22.08,54.38,42.28,53.1,50.61,69.29,76.15,22.96,34.63,10667.296,2016-06-24
111.28,15.32,57.0,179.81,41.85,34.76,58.7,26.04,19.69,12.17,14.21,33.1,50.71,53.41,29.03,34.92,33.82,34.58,25.22,120.11,12.12,262.1,27.66,212.0,104.05,116.82,79.86,32.2,40.57,120.6,6.52,17.71,39.5,16.49,210.81,11.98,50.14,85.62,107.98,35.49,33.92,48.12,69.01,23.33,56.69,43.97,54.14,50.33,71.38,79.11,24.18,36.6,10667.186000000002,2016-06-23
111.47,15.2,55.22,177.57,40.28,33.94,57.12,25.22,19.26,11.59,13.9,32.22,49.57,52.51,27.93,33.74,32.66,33.76,25.5,120.9,12.2,256.56,27.27,209.27,102.47,114.63,79.33,31.27,39.29,120.72,6.38,18.19,40.06,16.42,208.1,11.74,48.62,85.19,106.51,34.63,33.54,47.39,67.89,22.85,56.04,43.38,53.81,50.19,70.46,78.34,23.69,35.93,10667.058,2016-06-22
111.4,15.29,55.25,178.06,40.82,34.12,58.33,25.74,19.62,12.0,13.96,32.78,49.59,52.08,28.29,34.63,32.6,33.48,24.93,120.84,12.21,254.79,27.38,209.62,102.68,115.08,79.37,31.29,39.34,120.5,6.47,18.11,39.94,16.38,208.44,11.89,48.6,85.32,106.75,34.58,33.59,47.34,68.27,22.87,56.2,43.53,53.78,50.43,70.26,78.45,23.85,36.24,10666.942,2016-06-21
111.48,15.41,55.12,177.8,40.11,33.86,57.86,25.53,19.6,11.94,13.87,32.46,49.53,51.78,28.11,34.25,32.2,33.39,25.64,123.21,12.45,258.7,27.52,210.04,102.35,115.3,79.76,31.17,39.19,120.61,6.47,18.22,40.04,16.65,207.85,11.91,48.14,85.76,106.52,34.32,33.71,47.47,67.47,22.74,56.24,43.23,53.64,50.36,70.5,78.63,24.25,35.66,10666.827,2016-06-20
111.79,15.27,55.23,176.52,39.73,33.27,56.46,24.93,19.3,11.66,13.62,31.2,48.69,50.56,27.44,33.51,31.5,32.81,25.79,123.95,12.52,256.37,27.26,208.66,101.69,114.06,79.61,30.93,38.79,120.76,6.3,18.45,40.28,16.6,206.52,11.66,46.87,85.64,105.8,33.83,33.38,47.2,66.89,22.61,55.73,43.05,53.47,50.55,70.06,77.93,23.69,35.02,10666.708,2016-06-17
111.87,14.92,54.06,177.46,39.72,33.18,55.9,24.69,19.34,11.28,13.6,30.54,48.35,50.61,27.0,33.09,31.99,32.94,25.48,122.38,12.36,262.0,27.02,209.45,101.61,114.55,79.73,30.86,38.78,121.12,5.95,18.31,40.16,16.31,208.37,11.14,46.08,85.78,106.15,33.68,33.16,47.23,66.65,22.75,55.99,43.55,54.01,50.78,71.08,78.33,23.44,34.15,10666.597,2016-06-16
111.8,15.18,54.48,176.57,40.71,33.3,55.79,24.54,19.47,11.24,13.7,30.32,48.18,50.86,26.71,32.87,31.69,33.04,26.32,123.68,12.49,262.49,27.02,208.77,101.36,114.56,79.33,31.28,39.34,120.94,6.18,18.43,40.28,16.69,207.75,11.47,45.86,85.3,105.84,33.76,33.14,47.07,66.97,22.69,55.89,43.46,53.73,50.46,70.83,78.08,23.71,35.05,10666.482,2016-06-15
111.56,15.26,54.86,176.81,40.29,32.95,55.42,24.46,19.49,11.14,13.51,30.14,47.64,50.31,26.42,32.69,31.44,32.99,25.34,122.77,12.4,262.49,26.86,209.14,101.46,114.48,78.61,31.11,39.14,120.49,6.35,18.38,40.26,16.54,208.04,11.73,45.57,84.5,105.95,33.45,32.94,46.86,67.13,22.66,55.87,43.57,53.89,50.78,71.32,77.86,22.84,34.99,10666.371000000001,2016-06-14
111.61,15.36,55.88,177.36,40.65,33.06,56.32,24.75,19.62,11.34,13.44,30.86,48.26,50.72,26.96,33.22,32.02,32.9,25.91,122.64,12.39,264.43,27.1,209.52,101.83,114.81,79.04,31.82,40.04,120.76,6.38,18.31,40.12,16.58,208.45,11.76,47.36,84.72,106.61,33.77,33.16,47.21,67.17,23.0,55.86,43.47,53.68,50.51,71.21,78.06,23.47,34.94,10666.255,2016-06-13
111.52,15.36,57.01,178.71,41.68,33.53,57.15,25.15,20.0,11.65,13.61,31.26,49.11,51.75,27.21,33.8,32.6,33.61,25.96,121.74,12.3,267.6,27.62,211.19,102.54,116.07,79.1,32.24,40.53,120.94,6.46,18.02,39.84,16.49,210.07,11.87,48.14,84.7,107.5,34.2,33.7,47.74,67.37,23.16,56.47,43.96,54.13,50.57,71.78,78.49,23.47,35.22,10666.14,2016-06-10
111.37,15.55,58.84,179.88,42.5,34.4,58.86,26.01,20.1,12.18,13.88,32.44,50.69,52.66,28.47,35.03,33.8,34.54,26.33,121.25,12.25,273.58,28.13,213.2,103.6,117.67,79.49,32.77,41.1,120.8,6.73,17.69,39.54,16.47,212.08,12.25,49.83,85.1,108.62,35.09,34.42,48.1,68.86,23.45,57.14,44.3,54.09,50.7,72.36,79.32,23.87,36.97,10666.034,2016-06-09
111.29,15.58,59.37,180.06,43.0,34.8,59.59,26.49,20.2,12.38,14.01,32.78,51.72,53.07,29.03,35.62,34.3,34.74,25.93,120.58,12.18,278.53,28.26,213.45,103.89,118.43,79.37,33.23,41.67,120.63,6.84,17.65,39.42,16.21,212.37,12.43,50.56,84.91,108.84,35.49,34.96,48.45,69.39,23.62,57.15,44.29,53.88,50.27,72.48,79.5,24.43,37.21,10665.927,2016-06-08
111.25,15.32,59.19,179.38,42.87,34.55,59.47,26.47,20.25,12.3,13.91,32.7,50.8,52.65,27.63,35.55,34.28,34.64,25.11,118.82,11.99,278.76,27.97,212.77,103.56,117.56,78.95,33.16,41.56,120.23,6.69,17.76,39.56,15.6,211.68,12.22,50.49,84.37,108.46,35.2,34.68,48.17,69.55,23.6,56.79,44.2,53.56,49.97,72.23,79.41,23.47,37.5,10665.823999999999,2016-06-07
111.15,15.17,58.8,179.18,42.69,34.24,59.04,26.16,20.16,12.13,13.74,32.52,49.81,52.06,27.33,35.22,33.99,34.2,25.45,118.92,12.0,286.07,27.52,212.52,103.22,117.22,78.47,33.38,41.78,120.05,6.56,17.82,39.62,15.68,211.35,12.04,50.14,83.86,108.25,34.86,34.23,48.15,68.01,23.65,56.52,44.02,53.62,50.01,72.68,79.31,23.61,36.55,10665.705,2016-06-06
111.3,14.99,59.0,178.06,41.95,33.88,58.71,26.12,19.95,12.05,13.68,32.54,49.82,51.46,27.26,35.14,33.92,33.77,25.33,118.88,11.98,281.77,27.51,211.35,102.48,115.97,78.96,32.94,41.19,120.34,6.43,18.0,39.82,15.61,210.28,11.82,50.01,84.51,107.69,34.57,34.2,47.66,66.54,23.51,55.99,43.94,53.56,50.08,72.29,79.11,23.15,35.59,10665.586000000001,2016-06-03
110.7,14.89,58.53,178.28,42.75,33.37,58.33,26.0,19.84,12.05,13.49,32.2,49.36,50.5,26.44,35.02,33.87,33.73,22.77,115.67,11.66,286.28,27.61,212.06,102.88,116.67,78.72,33.64,41.98,119.38,6.46,17.91,39.72,15.22,210.91,11.86,49.68,84.17,107.99,34.04,34.39,47.26,66.8,23.85,56.04,44.04,53.22,49.3,72.53,79.63,22.08,36.02,10665.462,2016-06-02
110.42,14.86,58.28,177.73,43.37,33.1,58.33,25.96,19.69,12.08,13.45,32.06,49.8,49.94,25.87,34.98,33.85,33.44,22.72,115.94,11.69,281.18,27.7,211.37,102.6,115.78,78.3,33.52,41.82,119.14,6.5,17.99,19.91,15.17,210.27,11.93,49.54,83.74,107.63,33.77,34.41,47.0,66.89,23.8,55.97,44.08,53.2,49.28,71.61,79.19,21.98,35.91,10665.341999999999,2016-06-01
110.7,14.71,58.27,177.65,43.89,33.12,58.38,25.93,19.75,12.15,13.34,32.24,49.88,49.76,25.44,33.99,33.89,33.65,22.58,116.06,11.72,279.77,27.59,210.97,102.37,115.0,78.25,33.44,41.65,119.39,6.43,18.07,19.93,15.19,209.84,11.87,49.61,83.67,107.34,33.8,34.18,46.94,66.87,23.75,55.92,44.19,52.66,49.15,71.35,79.24,22.03,35.52,10665.214,2016-05-31
110.63,14.8,58.36,178.5,43.45,33.08,58.66,26.0,19.45,12.25,13.28,32.82,50.55,49.79,25.8,35.06,34.08,32.84,22.28,115.62,11.68,276.19,27.62,211.3,102.53,114.6,78.24,33.48,41.71,119.18,6.52,18.01,19.93,15.39,210.24,11.98,49.97,83.68,107.39,33.71,34.29,47.18,67.13,23.81,55.93,44.1,53.0,48.83,71.18,79.32,21.29,35.26,10665.069,2016-05-27
110.65,14.74,58.47,178.08,43.3,33.09,58.72,26.08,19.41,12.31,13.23,32.94,50.52,49.94,26.34,35.18,34.12,32.65,22.95,116.58,11.76,273.69,27.46,210.43,102.06,113.47,77.9,33.15,41.27,119.27,6.49,18.14,20.02,15.53,209.34,11.95,50.1,83.23,106.91,33.72,34.01,47.2,67.09,23.65,55.72,43.89,52.94,48.74,70.86,78.95,21.77,35.46,10664.937,2016-05-26
110.48,14.75,58.23,178.28,43.48,32.87,58.56,25.85,19.4,12.29,13.14,33.04,50.18,49.91,26.1,34.9,33.9,32.77,23.03,116.98,11.81,275.03,27.42,210.35,102.22,113.6,77.85,33.39,41.67,118.93,6.56,18.18,20.01,15.5,209.28,12.03,49.93,83.07,106.93,33.5,34.13,47.71,67.37,23.79,55.88,43.75,52.73,48.2,70.85,78.79,21.68,35.69,10664.809,2016-05-25
110.46,14.58,57.66,176.86,43.09,32.48,57.95,25.6,19.15,12.08,13.01,32.64,49.84,49.05,26.24,34.5,33.4,32.18,22.47,117.3,11.84,272.04,27.48,208.94,101.33,112.94,77.73,32.85,40.98,118.72,6.4,18.43,20.14,15.42,207.87,11.82,49.38,83.07,106.16,33.12,33.99,47.13,66.32,23.54,55.5,43.45,52.65,48.34,70.41,78.36,20.8,34.57,10664.668,2016-05-24
110.52,14.58,57.02,174.78,42.59,32.15,57.12,25.18,18.91,11.78,12.94,31.8,49.51,49.25,26.05,33.88,32.71,31.57,23.78,119.37,12.05,266.03,26.47,206.26,100.14,110.66,76.81,32.26,40.19,118.92,6.29,18.92,20.43,15.59,205.21,11.66,48.48,82.05,104.76,32.73,32.98,46.82,65.99,23.19,54.93,42.65,52.21,47.86,69.41,77.43,21.16,34.37,10664.518999999998,2016-05-23
110.54,14.66,56.71,174.76,42.96,32.21,57.31,25.31,19.0,11.84,12.64,31.9,49.96,49.07,26.86,34.04,32.89,31.64,24.05,119.71,12.06,264.18,26.66,206.54,100.32,110.79,76.74,32.34,40.25,118.92,6.32,18.87,20.37,15.69,205.49,11.75,48.6,82.04,104.89,32.8,33.23,46.28,66.16,23.21,55.03,42.73,52.16,48.29,69.69,77.7,20.78,34.44,10664.37,2016-05-20
110.47,14.6,56.44,174.68,42.77,31.89,56.84,25.1,18.74,11.76,12.44,31.76,49.49,48.86,26.48,33.68,32.54,31.24,23.96,119.87,12.09,258.9,26.21,205.29,99.61,108.96,76.13,32.06,39.92,118.84,6.37,19.12,20.51,15.67,204.2,11.79,48.16,81.39,104.09,32.44,32.77,45.95,65.77,23.05,54.75,42.22,52.43,48.18,69.05,77.19,20.74,34.16,10664.233,2016-05-19
110.4,14.64,56.47,175.63,43.15,32.19,57.25,25.34,18.85,11.78,12.59,32.0,50.01,48.84,26.76,33.9,32.77,31.41,23.56,120.1,12.11,262.77,26.31,206.02,99.83,109.84,76.96,32.4,40.33,118.56,6.33,18.96,20.43,16.0,204.91,11.7,48.46,82.31,104.5,32.84,32.82,45.79,65.76,23.27,55.27,42.45,51.92,47.7,69.64,77.26,20.5,34.32,10664.105,2016-05-18
110.86,14.75,56.49,175.56,42.66,32.51,57.23,25.35,18.93,11.75,12.52,31.66,50.8,49.65,27.53,33.9,32.73,31.66,25.58,122.22,12.34,259.17,26.39,206.0,99.78,109.27,78.05,31.11,38.69,119.58,6.46,18.98,20.46,16.41,204.85,11.92,48.3,83.62,104.51,33.1,32.93,46.5,66.4,22.87,55.46,42.37,52.53,48.61,69.35,77.71,21.83,34.81,10663.976999999999,2016-05-17
111.01,14.64,56.58,177.26,42.78,32.66,57.65,25.63,19.03,11.98,12.53,31.7,50.96,49.96,27.99,34.28,33.16,31.85,25.24,121.8,12.3,261.67,26.44,207.83,100.48,111.03,79.25,31.25,38.95,119.62,6.37,18.65,20.27,16.32,206.78,11.76,48.69,85.2,105.46,33.24,33.05,46.74,66.09,23.0,55.73,42.8,53.58,49.45,70.08,78.6,21.63,34.32,10663.858,2016-05-16
111.2,14.48,55.87,175.48,42.17,32.27,56.97,25.45,18.8,11.86,12.36,31.28,50.61,49.58,27.8,33.95,32.79,31.24,24.79,121.71,12.28,253.9,26.22,205.75,99.55,109.64,78.63,30.89,38.36,120.02,6.09,19.02,20.48,16.28,204.76,11.37,48.1,84.4,104.42,32.86,32.82,45.95,64.99,22.88,55.05,42.21,53.24,49.39,69.14,78.11,21.42,33.6,10663.738000000001,2016-05-13
110.99,14.5,56.59,177.42,42.82,32.86,57.56,25.61,19.03,12.02,12.5,31.58,51.5,50.58,29.04,34.35,33.14,31.75,24.55,121.16,12.23,251.73,26.32,207.67,100.53,110.37,79.27,31.39,39.09,119.8,6.15,18.68,20.31,16.22,206.56,11.45,48.6,85.16,105.33,33.46,33.14,46.4,65.83,23.16,55.75,42.37,53.92,49.63,69.3,79.05,21.41,34.16,10663.618999999999,2016-05-12
111.09,14.48,56.46,177.3,42.44,32.95,57.58,25.86,19.17,12.03,12.55,31.64,51.31,50.76,29.03,34.48,33.29,31.81,25.05,122.12,12.33,256.1,26.36,207.57,100.52,110.96,78.88,31.62,39.36,120.05,6.07,18.68,20.3,16.56,206.5,11.34,48.75,84.67,105.37,33.52,33.17,46.2,65.65,23.15,55.87,42.49,53.63,49.34,69.71,78.9,21.92,34.23,10663.503999999999,2016-05-11
111.09,14.15,56.56,179.2,43.48,33.03,58.08,26.09,19.49,12.16,12.64,31.72,51.53,51.0,28.98,34.74,33.59,32.35,24.4,120.98,12.22,264.05,26.65,209.52,101.07,112.35,80.31,31.73,39.51,119.92,5.84,18.36,20.12,16.28,208.45,10.99,49.01,86.52,106.34,33.62,33.83,46.36,65.45,23.4,56.34,42.8,54.06,49.16,70.56,80.52,21.67,33.88,10663.393,2016-05-10
111.04,13.81,56.33,176.98,42.16,32.41,57.26,25.82,19.18,11.99,12.49,31.44,50.43,50.16,27.48,34.4,33.2,31.62,23.52,120.65,12.17,261.9,26.49,207.01,99.8,111.23,80.16,31.15,38.76,119.72,5.64,18.84,20.37,16.12,205.89,10.68,48.53,86.53,105.09,32.96,33.52,45.6,64.32,23.07,55.39,42.25,53.53,49.11,69.97,79.5,20.98,32.62,10663.291000000001,2016-05-09
110.97,14.12,56.61,177.34,41.72,32.83,57.38,25.73,19.28,12.14,12.61,31.66,51.38,50.47,27.96,34.46,33.23,32.11,25.13,123.18,12.44,255.28,26.36,206.81,99.99,110.91,79.52,31.23,38.86,119.84,5.8,18.86,20.38,16.63,205.72,10.96,48.64,85.59,104.98,33.47,33.5,46.16,65.27,23.13,55.64,42.25,53.24,48.83,69.18,79.28,22.76,33.34,10663.188,2016-05-06
111.14,14.03,56.4,176.44,41.61,32.78,57.22,25.55,19.43,12.14,12.63,31.58,51.22,50.42,27.64,34.26,33.01,32.3,24.18,122.07,12.34,259.19,26.24,206.01,99.75,110.26,78.75,31.11,38.7,120.1,5.77,18.99,20.45,16.51,204.97,10.9,48.45,84.66,104.6,33.39,33.3,45.79,65.42,23.03,55.27,41.94,52.97,49.15,69.59,78.7,22.54,33.75,10663.107,2016-05-05
110.86,14.17,56.69,176.32,41.22,32.79,57.34,25.71,19.27,12.25,12.65,31.6,51.67,50.54,28.13,34.45,33.2,32.25,23.41,122.21,12.36,258.03,26.33,206.07,99.71,110.7,78.45,31.27,38.93,119.86,5.7,18.98,20.44,16.49,205.01,10.79,48.69,84.42,104.64,33.39,33.38,46.02,64.89,23.04,55.3,41.92,52.96,49.34,69.3,79.21,22.84,33.02,10663.021999999999,2016-05-04
110.81,14.16,56.94,177.3,41.29,33.33,58.01,26.04,19.42,12.3,12.83,32.1,52.5,51.51,27.7,34.84,33.66,32.66,24.66,122.96,12.42,265.75,26.43,207.25,100.45,111.62,77.41,31.92,39.65,120.06,5.67,18.77,20.34,16.57,206.16,10.74,49.26,83.23,105.26,33.87,33.46,46.49,65.84,23.22,55.99,42.05,52.8,48.77,69.98,79.57,23.38,33.81,10662.941,2016-05-03
110.6,14.38,57.66,178.7,41.79,34.3,58.98,26.53,19.8,12.64,13.13,32.8,53.98,52.58,28.96,35.56,34.38,33.47,25.39,123.24,12.45,270.94,26.91,209.08,101.58,113.48,77.58,32.66,40.62,119.85,5.87,18.46,20.15,16.64,207.97,11.05,50.27,83.1,106.33,34.84,34.0,47.27,67.43,23.52,56.45,42.44,52.9,48.81,70.19,80.31,24.62,35.47,10662.851,2016-05-02
110.89,14.58,57.25,177.59,41.1,34.39,58.43,26.23,19.78,12.71,13.06,32.62,54.04,52.25,29.51,35.27,34.1,33.53,25.83,123.65,12.48,267.95,26.59,207.46,100.89,112.48,76.56,32.45,40.35,120.33,6.05,18.72,20.31,16.98,206.33,11.3,49.86,81.83,105.51,34.93,33.66,47.1,67.5,23.31,56.16,42.13,52.3,48.42,69.79,79.2,24.62,35.74,10662.757,2016-04-29
110.9,14.44,57.0,178.2,42.08,34.54,58.68,26.38,20.12,12.66,13.2,32.66,53.4,52.85,29.29,35.4,34.38,34.07,24.28,121.29,12.23,275.27,26.79,208.58,101.48,113.5,77.2,32.65,40.54,120.2,6.01,18.55,20.22,16.77,207.45,11.22,49.99,82.59,106.13,35.0,33.79,47.38,67.61,23.44,56.49,42.5,52.41,48.13,70.9,78.8,24.24,35.87,10662.663999999999,2016-04-28
110.68,14.36,57.19,180.25,45.55,34.9,59.49,26.57,20.24,12.63,13.55,32.78,54.06,53.17,29.24,35.67,34.75,34.39,23.24,119.04,12.02,277.49,27.8,210.4,102.44,114.81,77.38,33.02,41.0,120.09,5.96,18.22,20.02,16.38,209.35,11.14,50.24,82.76,107.09,35.36,34.84,47.83,68.63,23.69,57.04,43.04,52.36,48.2,71.24,79.66,23.82,36.96,10662.57,2016-04-27
110.35,14.23,56.82,179.64,45.63,34.69,59.45,26.42,20.27,12.59,13.52,32.7,53.33,53.12,28.53,35.45,34.51,34.14,22.99,118.7,11.99,281.4,27.69,210.01,101.79,114.41,77.4,32.99,41.05,119.33,5.76,18.29,20.06,16.29,208.92,10.81,49.97,82.81,106.83,35.15,34.83,47.43,67.35,23.65,56.64,43.24,52.11,47.51,71.32,79.74,23.02,35.87,10662.466999999999,2016-04-26
110.4,14.05,56.49,179.54,45.71,34.32,59.24,26.4,20.21,12.35,13.38,32.42,52.53,52.71,27.66,35.26,34.4,33.94,22.46,118.23,11.93,285.95,27.47,209.66,101.26,113.3,77.12,32.63,40.51,119.38,5.59,18.35,20.11,16.17,208.61,10.55,49.67,82.49,106.54,34.74,34.51,47.05,66.29,23.5,56.14,43.45,52.32,47.44,71.59,79.55,22.56,34.87,10662.365,2016-04-25
110.52,14.06,56.38,179.9,46.28,34.54,59.54,26.53,20.16,12.51,13.38,32.54,53.03,52.88,28.04,35.39,34.54,34.35,22.59,117.89,11.91,288.34,27.63,210.03,101.59,114.11,76.64,32.82,40.81,119.66,5.73,18.28,20.05,16.14,208.97,10.76,49.84,81.81,106.8,35.02,34.74,47.21,67.04,23.55,56.41,43.44,51.96,47.35,71.87,79.46,23.17,35.37,10662.258,2016-04-22
110.51,14.12,56.34,179.7,44.98,34.75,59.51,26.67,20.17,12.53,13.38,32.5,52.95,53.45,28.11,35.55,34.68,34.48,23.25,119.43,12.05,287.55,27.7,210.06,101.1,112.99,75.83,32.52,40.43,119.54,5.68,18.29,20.06,16.21,208.97,10.72,49.94,80.93,106.65,35.15,34.73,46.88,66.08,23.33,56.27,44.21,51.73,46.93,71.72,79.62,23.33,34.17,10662.16,2016-04-21
110.66,14.18,56.91,180.75,45.1,35.1,59.87,26.78,20.23,12.53,13.51,32.74,53.76,53.75,28.56,35.74,34.71,34.72,22.84,118.97,12.0,279.43,27.81,211.11,101.8,113.56,77.14,32.68,40.71,119.58,5.71,18.11,19.98,16.14,210.1,10.76,50.33,82.4,107.18,35.54,34.85,47.09,66.47,23.54,56.41,44.37,52.71,47.93,71.3,79.9,23.43,34.53,10662.062,2016-04-20
110.93,13.91,57.29,180.32,44.74,35.26,59.82,26.76,20.3,12.45,13.7,32.84,53.84,54.02,28.83,35.76,34.58,35.12,23.26,119.58,12.06,279.53,27.66,210.95,101.58,113.39,78.24,32.21,40.21,119.91,5.5,18.15,19.99,16.12,209.9,10.44,50.43,83.82,107.07,35.77,34.72,47.23,65.88,23.36,56.5,44.28,53.31,49.16,70.92,79.8,23.79,34.06,10661.964,2016-04-19
110.94,13.62,56.54,179.78,43.81,34.73,58.8,26.09,20.15,12.36,13.69,32.26,52.41,53.21,27.73,35.02,33.91,34.7,22.18,117.74,11.87,284.97,27.85,210.31,100.71,113.3,78.16,31.8,39.61,119.69,5.35,18.25,20.04,15.42,209.24,10.17,49.52,83.78,106.77,35.23,34.9,46.24,64.59,23.07,56.1,44.53,53.34,49.08,70.67,80.24,22.79,33.22,10661.875,2016-04-18
110.95,13.56,56.25,178.68,43.56,34.57,58.3,25.8,20.05,12.17,13.59,31.98,52.49,52.81,28.59,34.65,33.58,34.48,22.2,117.92,11.91,280.61,27.82,208.79,99.95,112.45,77.83,31.58,39.2,119.56,5.47,18.51,20.19,15.46,207.78,10.25,49.05,83.38,106.06,35.11,34.84,46.03,63.54,22.9,56.05,44.34,53.04,48.89,70.02,79.49,22.46,32.56,10661.781,2016-04-15
110.64,13.61,56.61,179.11,44.19,34.77,58.43,25.83,20.17,12.16,13.6,32.08,53.02,52.94,28.55,34.69,33.57,34.92,21.6,117.11,11.83,281.62,27.76,209.12,100.18,112.17,77.32,31.64,39.37,119.06,5.62,18.46,20.17,15.34,208.01,10.48,49.18,82.76,106.11,35.32,34.71,45.82,64.41,22.98,55.97,44.51,52.71,48.62,70.07,79.27,22.19,33.14,10661.687,2016-04-14
110.83,13.72,56.96,178.92,43.91,34.94,58.24,25.74,20.15,12.11,13.71,32.12,52.91,53.06,28.92,34.65,33.44,34.99,22.25,118.77,12.0,281.19,27.86,209.1,100.17,112.31,77.82,31.36,39.02,119.14,5.62,18.47,20.17,15.44,208.0,10.51,49.17,83.22,106.15,35.5,34.91,45.79,64.26,22.93,55.87,44.52,52.95,48.68,70.03,79.27,22.26,33.11,10661.593,2016-04-13
110.78,13.65,56.8,177.09,42.32,34.33,57.33,25.43,19.75,11.81,13.5,31.72,52.57,52.46,28.1,34.08,32.82,33.67,22.88,120.05,12.13,275.91,27.29,207.02,98.92,109.94,78.0,30.23,37.59,118.73,5.62,18.85,20.38,15.41,205.92,10.64,48.6,83.59,104.92,34.85,34.17,45.34,63.96,22.42,55.05,44.07,53.36,48.98,69.38,78.17,21.83,33.48,10661.495,2016-04-12
110.96,13.36,56.38,175.44,40.99,33.81,56.49,25.11,19.58,11.91,13.44,31.22,51.53,51.97,27.19,33.74,32.4,33.21,22.7,120.03,12.12,272.7,27.12,205.0,97.89,108.77,77.47,29.62,36.88,119.2,5.38,19.23,20.56,15.14,204.02,10.28,48.05,82.99,103.91,34.32,33.88,44.72,62.11,22.14,54.73,43.77,53.03,48.64,68.82,77.58,21.41,31.36,10661.401000000002,2016-04-11
110.88,13.26,56.22,175.66,41.35,33.38,56.46,25.02,19.48,11.76,13.28,31.06,51.22,51.45,26.56,33.68,32.33,32.82,21.44,118.43,11.96,277.35,27.12,205.58,97.95,109.11,77.57,29.46,36.54,119.21,5.3,19.11,20.51,14.62,204.5,10.03,47.98,83.16,104.2,33.87,33.9,44.52,62.37,22.05,54.71,43.89,53.41,48.85,69.35,77.87,20.57,31.4,10661.303,2016-04-08
110.99,12.95,55.48,175.29,40.17,32.81,55.4,24.6,19.27,11.28,13.11,30.52,50.95,50.83,24.96,33.02,31.73,32.4,20.78,118.61,11.98,280.7,27.01,204.97,97.5,108.68,77.13,29.26,36.27,119.48,5.1,19.23,20.57,14.48,203.95,9.51,47.15,82.7,103.9,33.29,33.81,44.23,61.14,21.97,54.5,43.89,53.12,48.59,69.54,77.99,19.89,30.28,10661.205,2016-04-07
110.75,12.99,56.43,177.04,40.99,33.48,56.22,25.15,19.48,11.7,13.42,30.98,52.05,51.63,25.17,33.74,32.44,33.03,20.15,116.94,11.81,285.8,27.14,207.48,98.6,110.17,77.55,30.05,37.29,119.16,5.17,18.77,20.33,14.34,206.42,9.6,48.03,83.22,105.16,34.0,34.17,44.88,61.5,22.39,55.03,44.53,53.7,48.61,70.31,78.88,20.22,30.22,10661.107,2016-04-06
110.77,12.85,55.75,175.82,40.59,33.08,55.32,24.8,19.19,11.51,13.39,30.54,51.61,50.72,25.39,33.36,32.01,32.42,20.13,117.66,11.88,269.64,26.6,205.26,97.65,108.94,77.36,29.78,36.91,119.26,4.88,19.19,20.54,14.42,204.19,9.13,47.28,83.02,104.02,33.57,33.69,44.37,60.2,22.27,54.76,44.1,53.28,48.67,68.47,78.14,20.15,29.23,10661.008999999998,2016-04-05
110.62,12.88,56.51,177.12,41.97,33.74,56.43,25.4,19.47,11.88,13.66,31.16,52.96,51.69,25.55,34.08,32.8,33.17,19.53,116.15,11.72,270.65,26.64,207.29,98.79,110.19,77.8,30.4,37.74,118.88,4.87,18.82,20.37,14.2,206.25,9.08,48.17,83.57,105.04,34.21,33.66,44.65,60.61,22.59,55.1,44.53,53.64,49.6,69.37,78.81,20.03,29.48,10660.911,2016-04-04
110.51,13.06,56.86,177.72,42.29,34.15,56.55,25.52,19.64,12.04,13.79,31.06,53.68,52.06,26.89,34.11,32.88,33.58,20.12,116.93,11.81,268.31,27.09,207.97,99.26,111.12,77.91,30.48,37.75,118.87,4.95,18.68,20.3,14.34,206.92,9.33,48.18,83.69,105.48,34.68,34.09,45.24,61.06,22.7,55.73,44.7,53.62,49.81,68.55,79.43,20.58,29.85,10660.813,2016-04-01
110.82,13.29,57.03,176.64,43.71,34.25,57.16,25.73,19.77,12.2,13.86,31.36,53.7,52.82,26.3,34.39,33.23,33.76,19.97,117.64,11.88,260.81,27.08,206.65,98.81,110.63,77.86,30.37,37.64,118.82,5.12,18.95,20.41,14.68,205.52,9.7,48.52,83.8,104.82,34.58,33.84,44.81,61.89,22.5,55.47,44.36,53.06,49.62,67.78,79.1,20.46,30.35,10660.715,2016-03-31
110.48,13.31,57.1,176.89,44.29,34.28,57.73,25.93,19.87,12.37,13.98,31.62,54.12,53.29,26.86,34.86,33.55,33.84,20.23,117.1,11.83,254.94,26.86,207.13,99.02,110.32,77.4,30.6,38.04,118.35,5.12,18.86,20.38,14.49,206.02,9.73,48.91,83.29,104.94,34.62,33.62,45.19,61.92,22.55,55.6,44.45,53.34,49.33,67.99,79.19,20.78,29.89,10660.625,2016-03-30
110.52,13.36,56.54,176.07,44.47,33.93,57.3,25.59,19.52,12.24,13.72,31.36,53.66,52.7,26.74,34.42,33.2,33.34,20.54,118.76,11.98,256.61,27.09,206.26,98.63,110.31,77.52,30.32,37.71,118.49,5.17,19.01,20.47,14.6,205.12,9.8,48.43,83.45,104.54,34.23,33.67,44.99,61.8,22.42,55.5,44.19,52.99,49.45,67.98,78.69,20.65,29.93,10660.54,2016-03-29
110.19,13.39,55.99,175.12,44.32,33.47,56.69,25.24,19.28,12.17,13.63,31.0,52.91,51.58,26.68,33.96,32.77,33.01,19.42,116.6,11.78,252.08,26.41,204.31,97.93,107.33,76.01,30.36,37.72,117.96,5.27,19.39,20.64,14.46,203.24,10.01,47.8,81.68,103.39,33.9,33.11,44.74,61.51,22.38,55.14,43.51,52.6,48.73,67.2,77.9,20.14,29.52,10660.442,2016-03-28
110.11,13.35,55.73,174.94,43.41,33.36,56.35,25.17,19.2,12.1,13.69,30.78,52.34,51.56,25.68,33.84,32.7,32.74,19.46,116.33,11.75,255.48,26.2,204.18,97.84,107.2,75.43,30.43,37.76,117.89,5.3,19.41,20.66,14.43,203.12,10.06,47.55,80.95,103.32,33.81,32.78,44.55,61.84,22.31,55.12,43.62,52.32,48.91,67.39,77.55,20.13,29.78,10660.318000000001,2016-03-24
110.1,13.43,55.91,174.81,43.64,33.44,56.73,25.43,19.33,12.2,13.68,30.88,52.47,51.56,25.67,34.17,33.04,32.97,19.03,116.61,11.76,254.26,26.11,204.3,97.95,106.88,75.37,30.57,37.92,117.94,5.36,19.38,20.65,14.51,203.21,10.11,47.88,80.92,103.35,33.86,32.75,44.55,61.54,22.45,55.28,43.5,52.38,48.78,67.42,77.45,19.62,29.41,10660.194,2016-03-23
109.86,13.72,56.13,175.7,44.21,34.02,57.31,25.52,19.55,12.48,13.86,31.22,53.18,52.41,26.93,34.44,33.4,33.44,20.58,119.31,12.05,263.1,26.51,206.75,99.38,109.22,76.81,30.97,38.46,117.35,5.66,19.13,20.53,15.12,204.56,10.54,48.28,81.36,104.2,34.39,33.16,45.11,62.92,22.62,55.64,43.75,52.37,48.42,67.9,78.0,20.91,30.91,10660.067,2016-03-22
109.93,13.62,56.18,176.01,43.82,34.1,57.41,25.52,19.57,12.52,13.96,31.6,53.01,52.09,26.91,34.56,33.51,33.71,20.57,118.96,12.01,256.49,26.53,206.87,99.54,109.35,76.79,31.04,38.45,117.57,5.69,19.12,20.52,15.06,204.67,10.59,48.54,81.36,104.23,34.54,33.26,45.63,63.27,22.69,55.96,43.74,52.68,48.58,67.23,78.13,20.89,30.81,10659.938999999998,2016-03-21
110.17,13.58,56.4,175.69,43.63,34.03,57.5,25.55,19.48,12.46,14.01,31.78,52.99,52.14,26.8,34.66,33.62,33.68,20.61,119.8,12.1,251.34,26.84,206.57,99.49,109.61,77.29,31.04,38.5,117.71,5.66,19.17,20.55,15.03,204.38,10.48,48.76,83.02,104.13,34.4,33.46,45.42,63.49,22.73,55.63,43.59,52.65,48.63,66.84,78.09,20.91,30.9,10659.806,2016-03-18
110.08,13.59,56.27,174.94,43.61,33.85,57.6,25.51,19.35,12.53,13.95,31.9,52.87,52.26,26.45,34.55,33.66,33.46,20.43,120.13,12.13,247.09,26.49,205.81,99.03,108.63,77.59,30.73,38.08,117.44,5.64,19.33,20.63,15.16,204.63,10.55,48.81,83.38,103.67,34.17,33.04,45.39,63.76,22.63,55.44,43.74,52.99,49.31,66.3,78.31,20.73,30.96,10659.683,2016-03-17
109.85,13.44,55.64,173.47,43.9,33.12,57.16,25.52,19.31,12.53,13.78,31.26,51.41,51.03,24.3,34.5,33.68,33.07,20.86,120.59,12.16,250.2,26.1,204.52,98.09,106.99,76.52,30.43,37.63,117.08,5.46,19.56,20.76,14.87,203.34,10.18,48.38,82.22,102.88,33.49,32.79,44.57,62.9,22.36,54.25,43.58,52.67,49.04,67.08,78.2,20.09,30.44,10659.559,2016-03-16
109.38,13.21,54.86,172.64,44.09,32.47,56.66,25.13,19.09,12.41,13.43,30.88,50.06,49.97,23.78,34.15,33.28,32.7,19.53,117.96,11.91,251.47,25.75,203.22,97.48,106.24,75.56,30.65,38.05,116.52,5.25,19.8,20.88,14.54,202.17,9.7,47.8,81.24,102.24,32.8,32.37,44.2,61.83,22.41,54.06,43.08,52.55,48.3,67.24,77.57,19.08,29.32,10659.427,2016-03-15
109.48,13.32,55.02,172.41,44.94,32.94,57.2,25.24,19.05,12.52,13.66,31.26,50.89,50.24,25.4,34.32,33.48,32.9,19.12,117.87,11.89,261.44,25.95,203.56,97.83,107.92,75.58,30.87,38.31,116.56,5.4,19.74,20.84,14.58,202.5,9.88,48.5,81.2,103.07,33.42,32.48,44.1,61.95,22.42,54.09,42.92,52.42,48.21,68.3,77.59,19.63,29.31,10659.282,2016-03-14
109.42,13.44,54.95,172.23,44.94,33.14,57.32,25.11,19.07,12.65,13.68,31.38,51.27,50.65,26.16,34.38,33.56,32.86,19.98,119.41,12.06,261.94,26.03,203.84,98.1,108.2,75.68,30.99,38.5,116.22,5.48,19.69,20.82,14.72,202.76,10.19,48.63,81.19,103.19,33.61,32.49,44.4,62.36,22.49,54.04,42.87,52.45,48.15,68.59,77.3,19.52,29.77,10659.136999999999,2016-03-11
109.62,13.39,53.76,170.06,43.59,32.46,55.86,24.25,18.67,12.06,13.42,30.74,50.38,49.57,25.97,33.29,32.44,31.73,20.38,121.5,12.27,255.08,25.34,200.52,96.41,105.93,73.93,30.12,37.46,115.89,5.4,20.38,21.16,14.82,199.54,10.04,47.35,79.41,101.47,32.89,31.87,43.6,60.79,21.92,53.27,42.22,52.28,48.1,67.28,76.13,19.48,28.51,10659.001,2016-03-10
109.57,13.41,53.64,170.02,43.68,32.41,55.95,24.34,18.7,11.88,13.38,30.98,50.69,48.76,25.2,33.13,32.37,31.98,19.51,119.58,12.08,257.13,25.44,200.41,96.37,106.8,74.12,29.88,37.11,115.41,5.43,20.37,21.18,14.53,199.38,10.15,47.32,79.7,101.5,32.97,31.93,43.37,60.74,21.94,53.35,42.26,52.26,48.06,67.24,75.94,18.86,28.62,10658.868,2016-03-09
109.62,13.21,53.65,169.62,43.5,32.21,55.74,24.24,18.6,11.81,13.35,30.82,50.09,48.44,24.92,32.96,32.23,31.86,19.42,120.58,12.17,260.13,25.23,199.38,95.85,106.26,73.82,30.13,37.41,115.54,5.27,20.57,21.3,14.62,198.4,9.65,47.11,79.26,101.01,32.76,31.82,43.1,59.77,21.91,53.18,41.9,51.87,47.84,67.12,75.79,18.62,27.64,10658.741000000002,2016-03-08
109.35,13.39,54.33,170.62,44.22,32.77,56.29,24.49,18.84,11.84,13.51,31.24,51.37,49.58,24.81,33.27,32.48,32.61,20.4,121.14,12.23,269.76,25.72,201.68,97.36,108.89,74.59,30.91,38.36,114.93,5.44,20.16,21.06,14.9,200.59,10.11,47.65,80.08,102.28,33.34,32.22,43.96,62.39,22.27,53.94,42.16,51.72,47.37,67.95,76.39,20.13,30.07,10658.617,2016-03-07
109.38,13.15,54.41,170.02,44.76,32.82,56.36,24.56,19.12,11.95,13.56,31.14,50.99,49.74,24.99,33.31,32.55,32.99,19.71,120.54,12.17,263.13,25.6,201.48,96.84,107.72,74.45,30.95,38.37,114.8,5.17,20.21,21.09,14.76,200.43,9.65,47.62,79.87,102.07,33.41,32.18,43.46,60.96,22.28,53.78,42.42,52.04,47.11,67.41,76.72,18.96,28.95,10658.48,2016-03-04
109.55,12.9,53.9,169.35,44.05,32.18,55.95,24.46,18.81,12.02,13.33,30.94,50.43,48.94,23.74,33.2,32.36,32.08,19.82,120.73,12.17,264.24,25.7,200.78,96.35,107.13,74.25,30.57,37.92,114.82,4.97,20.34,21.14,14.5,199.78,9.25,47.4,79.86,101.72,32.69,32.13,42.96,60.38,22.19,53.56,42.31,51.82,46.59,67.57,76.79,18.76,27.87,10658.361,2016-03-03
109.42,12.83,53.23,168.89,43.48,31.82,55.41,24.22,18.78,11.78,13.23,30.68,50.65,48.28,22.11,32.87,32.07,32.05,19.05,118.68,11.97,268.12,25.38,200.07,95.7,106.02,73.88,30.09,37.21,114.28,4.98,20.49,21.22,14.25,199.0,9.3,46.91,79.44,101.22,32.34,31.76,42.7,59.48,22.04,53.18,42.31,51.56,46.31,67.76,76.34,18.31,26.55,10658.246000000001,2016-03-02
109.54,12.76,53.32,168.52,42.99,31.4,55.03,24.24,18.43,11.68,13.22,30.52,49.9,47.9,21.57,32.82,31.89,31.37,18.57,117.77,11.88,265.27,25.16,199.19,94.83,104.94,73.32,29.54,36.53,114.05,4.91,20.63,21.31,14.17,198.11,9.15,46.86,78.87,100.66,31.85,31.66,42.87,58.06,21.8,53.14,42.19,51.41,46.07,67.65,76.41,16.99,25.2,10658.097,2016-03-01
110.09,12.75,52.08,164.96,41.62,30.32,53.63,23.36,18.09,11.28,12.84,29.76,48.48,46.59,20.49,31.8,30.94,30.28,19.38,118.64,11.99,254.09,24.49,194.51,92.69,102.73,71.46,28.32,35.07,115.01,4.82,21.73,21.85,14.2,193.35,9.0,45.59,76.71,98.32,30.73,30.87,41.8,56.58,21.09,52.12,40.97,50.92,46.3,66.23,74.44,16.69,24.6,10657.956,2016-02-29
109.96,12.59,52.01,166.28,42.81,30.06,53.95,23.65,18.12,11.32,12.79,29.82,47.85,46.3,20.01,31.98,31.14,30.42,18.69,117.11,11.81,261.49,24.63,196.15,93.5,103.19,71.58,28.97,35.89,114.93,4.74,21.33,21.65,14.02,195.09,8.78,45.76,77.01,99.11,30.54,31.23,42.06,57.23,21.32,52.45,41.26,51.09,46.17,67.3,74.83,16.0,24.71,10657.815,2016-02-26
110.16,12.61,52.32,166.84,42.42,30.36,54.09,23.66,17.99,11.29,12.86,29.84,48.35,47.02,20.36,32.08,31.16,30.35,19.39,117.92,11.92,259.32,24.54,196.5,93.54,102.54,71.8,28.4,35.19,114.97,4.81,21.28,21.6,14.41,195.54,8.8,45.91,77.41,99.19,30.81,30.93,41.46,56.89,21.17,52.38,41.37,51.82,47.48,67.42,74.91,15.83,24.16,10657.678999999998,2016-02-25
109.88,12.62,52.15,164.67,41.49,30.26,53.45,23.4,18.01,11.14,12.65,29.32,47.81,46.86,20.39,31.67,30.76,30.45,19.11,117.61,11.86,258.78,24.11,194.22,92.43,101.61,70.52,28.01,34.64,114.33,4.77,21.78,21.88,14.52,193.2,8.59,45.29,75.86,98.03,30.76,30.85,40.93,56.84,20.88,51.7,40.86,51.24,47.0,66.59,74.17,15.77,24.11,10657.543,2016-02-24
109.84,12.46,51.88,164.15,41.22,30.33,53.64,23.7,18.04,11.2,12.69,29.48,47.73,46.81,20.55,31.97,31.0,30.54,18.92,117.22,11.84,257.42,23.89,193.34,92.09,100.64,70.49,28.15,34.89,114.22,4.62,21.95,21.99,14.54,192.32,8.48,45.49,75.95,97.53,30.76,30.56,40.51,56.27,20.93,51.67,40.55,51.08,46.78,66.37,73.74,15.68,23.6,10657.402,2016-02-23
109.82,12.63,52.3,165.94,42.14,30.99,54.53,24.14,18.3,11.48,12.88,30.2,48.64,47.61,21.1,32.46,31.57,31.32,18.53,115.49,11.65,263.62,23.71,195.72,93.34,101.57,70.66,28.89,35.84,113.99,4.79,21.44,21.69,14.43,194.78,8.91,46.3,76.15,98.72,31.44,30.47,41.53,58.26,21.31,52.19,41.2,51.09,46.74,66.87,74.15,16.16,25.0,10657.265,2016-02-22
109.79,12.44,52.1,163.7,41.29,30.24,53.92,23.89,17.81,11.16,12.66,30.18,47.81,46.63,19.81,32.13,31.18,30.46,18.38,117.58,11.86,261.83,23.24,192.93,91.88,100.45,69.85,28.37,35.14,113.76,4.63,22.08,22.05,14.64,192.0,8.55,46.06,75.43,97.3,30.68,29.92,40.75,56.81,20.98,51.32,40.66,50.84,46.2,65.93,72.74,15.49,23.85,10657.125,2016-02-19
109.77,12.55,52.17,164.52,41.94,30.38,53.98,23.97,17.7,11.26,12.79,30.22,47.85,46.87,19.69,32.18,31.29,30.47,18.9,118.29,11.95,259.42,23.2,193.05,92.05,99.95,69.7,28.22,34.9,113.84,4.69,22.06,22.02,14.76,192.09,8.66,46.07,75.0,97.28,30.81,29.89,41.23,56.94,20.98,51.42,40.63,50.76,46.51,66.0,72.54,15.88,24.29,10656.997,2016-02-18
109.44,12.62,52.12,164.93,41.99,30.56,54.26,23.94,17.79,11.53,12.78,30.38,47.76,47.38,20.21,32.46,31.56,30.76,17.82,115.48,11.64,266.32,23.34,193.83,92.25,100.43,69.04,28.71,35.49,112.92,4.84,21.89,21.92,14.54,192.88,8.78,46.34,74.25,97.67,30.96,30.0,41.35,57.66,21.1,51.45,40.79,50.99,45.76,66.41,73.02,15.96,25.33,10656.868999999999,2016-02-17
109.5,12.36,50.96,162.2,41.58,29.97,53.34,23.44,17.52,11.34,12.67,29.7,46.01,46.83,19.48,32.14,30.88,30.29,17.21,114.77,11.57,258.72,23.14,190.67,90.83,98.88,68.42,28.56,35.5,112.95,4.6,22.65,22.31,14.51,189.78,8.31,45.39,73.62,96.08,30.33,29.53,40.55,55.83,20.82,50.67,39.97,50.47,45.85,65.58,71.48,15.35,24.19,10656.741000000002,2016-02-16
109.77,12.5,50.33,159.98,39.81,29.32,52.28,23.12,17.34,11.07,12.14,29.28,45.19,46.47,19.34,31.12,30.32,29.07,18.84,118.36,11.94,251.19,22.58,187.55,89.46,96.59,67.13,27.8,34.48,113.49,4.54,23.41,22.68,14.99,186.63,8.33,44.63,72.29,94.36,29.63,28.72,39.94,55.28,20.49,49.67,39.27,50.07,45.56,64.37,69.79,15.25,24.51,10656.613000000001,2016-02-12
110.07,12.32,49.72,156.8,39.08,28.82,51.38,22.87,16.98,10.76,12.0,28.4,44.15,46.0,18.9,30.75,29.92,28.44,18.37,119.06,12.03,244.04,21.86,183.83,87.41,94.79,66.27,26.52,32.89,114.13,4.48,24.41,23.13,14.95,182.86,7.99,43.85,71.47,92.56,29.15,27.98,38.79,53.86,19.66,48.69,38.73,49.37,45.7,63.52,68.53,14.32,23.9,10656.49,2016-02-11
110.0,12.17,50.31,159.39,40.35,29.31,52.14,23.04,16.98,11.09,12.12,28.78,45.35,46.94,19.72,31.21,30.38,29.07,17.14,114.46,11.54,249.93,22.54,186.15,88.92,95.83,67.26,27.53,34.17,113.75,4.46,23.8,22.85,14.55,185.27,7.96,44.44,72.5,93.72,29.58,28.72,39.65,54.09,20.28,49.68,38.83,49.77,46.52,64.56,68.57,14.25,24.4,10656.37,2016-02-10
109.73,12.15,49.82,160.24,41.75,29.19,52.2,22.97,16.87,10.78,12.11,28.8,45.33,46.71,19.32,31.08,30.26,28.87,16.75,113.58,11.46,248.4,22.31,186.24,89.11,95.78,66.91,27.75,34.47,113.61,4.51,23.75,22.85,14.51,185.43,8.18,44.19,72.0,93.66,29.49,28.51,40.03,54.31,20.39,49.92,38.75,49.83,46.57,63.99,68.69,14.3,24.6,10656.238000000001,2016-02-09
109.74,12.47,50.43,160.35,42.88,29.6,52.83,23.01,17.02,11.04,12.26,29.08,46.12,47.21,19.59,31.33,30.56,29.14,17.47,113.83,11.5,248.12,22.21,186.31,89.42,96.43,68.01,27.7,34.34,114.0,4.71,23.76,22.87,14.59,185.42,8.64,44.58,73.35,93.78,29.87,28.26,39.54,55.65,20.42,49.62,38.93,49.5,46.41,63.52,68.8,14.76,25.6,10656.11,2016-02-08
109.32,12.53,52.25,161.94,43.67,30.01,53.81,23.6,17.29,11.45,12.39,29.86,47.11,47.54,20.06,32.22,31.27,29.73,17.05,112.32,11.33,256.24,22.99,188.85,90.6,98.04,70.07,28.59,35.3,113.41,4.81,23.15,22.54,14.34,187.95,8.91,45.82,75.51,95.26,30.29,29.12,40.61,55.94,20.95,50.04,39.5,49.63,46.57,64.4,70.16,15.01,26.28,10655.973999999998,2016-02-05
109.42,12.61,52.84,164.14,44.15,30.36,54.65,24.06,17.35,11.76,12.58,30.34,48.3,48.13,20.55,32.76,31.8,29.95,16.15,110.57,11.17,264.69,23.67,192.53,91.81,100.8,71.68,29.0,35.88,113.43,4.89,22.28,22.13,14.17,191.6,9.12,46.49,76.97,97.26,30.61,29.8,41.08,57.27,21.23,50.52,40.64,49.71,46.42,65.68,72.5,15.03,27.34,10655.85,2016-02-04
109.31,12.63,52.87,163.2,44.53,30.13,54.58,24.15,17.48,11.62,12.45,30.26,47.82,47.23,19.72,32.69,31.66,30.23,15.35,109.25,11.03,264.0,23.46,192.11,91.4,100.41,71.6,28.65,35.53,113.38,4.98,22.37,22.14,13.95,191.3,9.34,46.51,76.93,97.03,30.4,29.59,39.97,57.3,21.05,49.66,40.6,50.17,46.62,66.04,72.92,14.26,27.52,10655.726999999999,2016-02-03
109.32,12.32,52.02,161.41,46.22,29.3,54.13,23.7,17.47,11.57,12.18,29.84,46.73,46.26,18.59,32.17,31.23,29.75,14.3,108.09,10.91,261.01,23.51,191.09,90.6,100.28,71.25,28.49,35.28,113.66,4.64,22.59,22.3,13.62,190.16,8.57,45.78,76.42,96.45,29.61,29.65,38.67,55.33,21.03,48.87,40.65,50.28,46.05,65.61,73.11,13.43,26.36,10655.586000000001,2016-02-02
108.99,12.54,53.19,164.34,47.33,30.28,55.42,24.31,17.82,12.03,12.33,30.76,48.12,47.61,19.88,33.12,32.19,30.53,14.65,108.05,10.91,268.53,24.12,194.6,92.43,102.49,72.01,29.37,36.39,113.45,4.86,21.83,21.91,13.67,193.65,9.02,47.07,77.12,98.35,30.52,30.37,38.93,57.24,21.63,49.87,41.39,50.93,45.85,66.57,74.56,13.79,27.52,10655.441,2016-02-01
109.35,12.78,52.86,164.37,47.56,30.57,55.48,24.33,17.97,12.07,12.33,30.72,48.39,47.74,19.83,33.2,32.33,31.2,14.21,106.95,10.78,267.05,24.33,194.62,92.69,102.96,72.0,29.56,36.66,114.15,5.12,21.86,21.9,13.59,193.72,9.65,47.11,76.99,98.33,30.83,30.52,38.77,58.21,21.72,49.99,41.24,50.76,45.42,66.47,74.11,13.91,28.49,10655.292,2016-01-29
109.03,12.66,52.44,160.51,45.76,29.61,54.52,24.16,17.52,11.9,11.92,30.06,46.49,47.25,18.49,32.77,31.93,30.22,13.86,106.54,10.75,263.47,23.64,190.11,90.31,99.69,70.47,28.97,36.07,113.56,5.09,22.93,22.43,13.57,189.11,9.7,46.37,75.44,95.95,29.78,29.65,37.68,56.56,21.13,48.68,39.98,49.75,44.53,65.4,73.31,12.95,27.21,10655.156,2016-01-28
108.94,12.52,51.78,159.3,45.61,29.15,54.36,24.26,17.39,12.05,11.8,29.68,45.63,46.77,18.18,32.74,31.95,29.78,14.2,107.69,10.86,273.4,23.61,189.08,89.93,99.71,70.94,28.66,35.58,113.43,4.79,23.17,22.53,13.81,188.13,9.18,46.24,76.02,95.57,29.31,29.77,37.62,54.89,21.12,48.4,39.47,49.25,43.83,66.96,72.38,12.79,26.26,10655.011,2016-01-27
108.92,12.37,52.34,161.54,45.62,29.25,54.71,24.43,17.57,12.25,11.88,29.92,45.72,47.12,17.94,33.04,32.21,30.2,13.97,107.29,10.83,282.08,23.96,191.13,90.39,101.1,72.06,28.39,35.11,113.74,4.66,22.67,22.29,13.82,190.2,8.97,46.66,77.52,96.67,29.5,30.16,37.92,55.15,21.2,48.95,40.3,49.29,43.73,67.73,73.53,12.87,26.14,10654.874,2016-01-26
108.78,12.13,51.32,158.7,45.07,28.82,53.75,23.97,17.35,11.98,11.72,29.22,44.62,46.68,17.63,32.33,31.52,29.98,13.38,106.08,10.71,283.2,23.26,188.57,88.72,99.12,70.55,27.63,34.24,113.42,4.51,23.32,22.63,13.58,187.64,8.54,45.67,75.93,95.22,29.08,29.55,37.28,53.14,20.85,48.04,39.91,48.85,43.43,67.22,72.47,12.21,24.55,10654.742,2016-01-25
108.84,12.4,51.29,160.79,46.11,29.33,54.48,24.18,17.58,12.31,11.81,29.76,45.49,47.32,18.08,32.77,31.96,30.73,13.03,105.0,10.59,288.02,23.92,191.49,90.39,101.37,71.25,28.77,35.73,113.54,4.83,22.66,22.29,13.38,190.52,9.27,46.27,76.41,96.81,29.57,30.25,38.51,55.74,21.28,48.64,40.38,49.29,43.8,67.85,73.31,12.33,26.47,10654.61,2016-01-22
108.76,12.04,49.89,158.6,43.6,28.36,52.92,23.73,17.23,12.12,11.52,28.9,44.14,45.95,17.33,31.98,31.17,29.66,12.91,105.49,10.65,278.75,23.26,187.62,88.68,98.95,69.33,28.37,35.29,113.47,4.57,23.6,22.76,13.46,186.69,8.56,45.08,74.34,94.79,28.6,29.48,37.83,53.38,20.9,48.22,39.29,48.46,43.03,66.79,72.05,12.37,25.42,10654.482,2016-01-21
108.91,11.88,49.64,157.61,43.58,28.25,52.53,23.49,17.25,11.78,11.42,28.5,44.35,45.34,17.79,31.59,30.85,29.46,12.85,105.37,10.64,285.49,22.98,186.65,88.22,99.18,68.87,28.89,35.81,113.8,5.51,23.84,22.87,13.48,185.65,8.24,44.62,73.93,94.42,28.55,29.08,37.5,51.77,20.99,48.01,39.07,48.27,43.07,66.99,71.14,12.1,23.75,10654.363000000001,2016-01-20
108.82,11.97,50.51,160.02,45.31,28.88,53.75,23.92,17.84,12.22,11.7,29.12,44.92,46.79,18.23,32.24,31.52,30.54,12.47,103.98,10.5,277.84,23.24,188.84,89.68,98.77,70.75,29.24,36.31,113.63,5.58,23.3,22.59,13.36,188.06,8.49,45.56,75.97,95.36,29.16,29.4,37.78,53.18,21.41,48.64,39.38,48.88,44.06,66.86,71.77,11.97,23.87,10654.252,2016-01-19
108.93,12.06,50.94,159.68,44.56,28.46,53.26,23.63,17.75,12.44,11.34,29.0,44.79,45.49,18.34,31.97,31.26,29.8,13.08,104.08,10.51,284.18,23.47,188.74,89.9,100.12,70.54,29.54,36.66,114.14,5.61,23.33,22.6,13.24,187.81,8.79,45.26,75.57,95.46,28.76,29.73,38.25,54.35,21.42,48.65,39.34,48.3,43.41,66.87,71.5,12.22,25.16,10654.141000000001,2016-01-15
108.8,12.33,52.89,163.59,46.39,29.63,55.26,24.53,18.35,12.96,11.86,30.2,46.46,47.49,19.05,33.12,32.33,31.26,13.13,103.02,10.39,291.44,23.67,192.8,91.94,101.77,71.35,30.23,37.36,114.31,5.49,22.38,22.14,13.19,191.93,9.23,46.98,76.09,97.51,30.02,30.07,39.05,55.97,21.91,49.52,40.48,49.07,43.8,67.82,73.0,12.6,26.11,10654.043,2016-01-14
108.84,12.3,52.59,161.35,45.81,29.25,54.56,24.25,18.23,12.82,11.64,29.64,46.01,46.98,18.58,32.81,31.94,30.82,13.61,104.72,10.57,280.14,23.81,189.79,90.51,100.38,71.45,29.89,37.05,114.88,5.31,23.15,22.53,13.49,188.83,9.09,46.38,76.27,96.04,29.64,30.15,38.53,53.66,21.72,48.94,39.73,48.84,43.15,66.05,72.48,12.47,25.23,10653.937,2016-01-13
108.59,12.37,53.43,164.95,46.12,29.56,55.42,24.87,18.34,13.0,11.75,30.14,46.3,47.11,19.02,33.47,32.62,31.4,13.61,104.21,10.52,296.2,24.54,194.52,92.47,103.71,72.55,30.95,38.44,114.53,5.4,22.05,21.94,13.17,193.66,9.17,47.28,77.38,98.58,29.98,31.22,39.44,54.98,22.3,50.15,40.83,49.75,43.17,68.07,75.01,12.73,26.12,10653.843,2016-01-12
108.35,12.45,52.99,163.83,46.35,29.5,55.16,24.48,18.33,12.87,11.77,30.12,46.01,47.25,18.93,33.02,32.22,31.45,13.92,104.74,10.57,291.69,24.27,193.03,91.94,103.4,73.06,30.85,38.25,114.27,5.35,22.42,22.16,13.22,192.11,9.25,46.89,77.9,97.91,29.87,30.94,39.38,54.85,22.13,49.75,40.35,49.48,43.34,67.21,74.19,13.02,26.54,10653.753,2016-01-11
108.66,12.8,53.09,163.24,45.96,29.51,54.93,24.29,18.43,12.9,11.72,30.04,45.37,46.73,19.09,32.84,32.04,31.62,14.52,105.68,10.66,302.2,24.13,192.83,91.98,103.85,72.77,30.87,38.33,114.64,5.67,22.46,22.16,13.3,191.92,9.8,46.75,77.46,97.97,30.0,31.06,40.06,56.05,22.1,49.72,40.09,49.02,43.11,68.02,73.61,13.84,27.62,10653.663999999999,2016-01-08
108.42,12.86,53.43,164.96,46.86,29.83,55.6,24.53,18.74,13.0,11.78,30.24,46.05,46.99,19.18,33.14,32.37,31.95,14.88,106.15,10.72,307.78,24.68,194.99,93.18,105.67,73.64,31.51,39.13,114.55,5.78,21.97,21.92,13.62,194.05,9.9,47.16,78.51,99.1,30.27,31.61,40.47,56.78,22.45,50.23,40.41,49.4,43.13,69.06,74.41,14.22,27.49,10653.579,2016-01-07
108.43,12.92,54.38,168.94,48.13,30.78,56.78,25.03,19.11,13.14,12.06,31.1,47.92,47.75,19.92,33.61,32.83,33.22,14.25,104.67,10.57,321.12,25.75,199.77,95.43,108.57,75.32,32.51,40.35,114.46,5.88,20.96,21.43,13.36,198.82,10.11,48.05,80.07,101.59,31.28,32.63,41.6,58.2,23.1,51.63,41.64,50.0,43.42,70.49,75.97,14.75,28.19,10653.493,2016-01-06
108.02,13.13,55.25,171.39,49.22,31.38,57.73,25.32,19.46,13.5,12.34,31.68,48.92,48.72,20.22,34.17,33.4,33.96,14.02,103.18,10.4,326.96,26.36,202.42,96.91,110.25,75.57,32.99,40.85,114.01,6.12,20.44,21.13,13.31,201.36,10.66,48.86,80.29,102.97,31.85,33.45,42.72,60.53,23.46,52.44,42.16,50.17,43.5,71.07,76.72,15.02,30.27,10653.403999999999,2016-01-05
107.97,13.26,55.77,171.29,48.99,31.31,57.82,25.56,19.39,13.54,12.38,31.76,49.07,48.51,19.94,34.47,33.7,34.15,14.09,102.89,10.38,326.87,26.29,202.0,96.72,110.01,74.35,33.05,40.89,113.95,6.26,20.5,21.19,13.19,201.02,10.98,49.15,78.77,102.74,31.78,33.53,42.74,60.3,23.37,52.3,42.27,49.85,43.19,70.73,76.82,14.98,30.37,10653.319,2016-01-04
108.01,13.36,56.0,173.99,50.08,32.19,58.72,26.19,19.82,13.74,12.77,32.28,49.83,49.67,20.68,35.04,34.43,35.29,13.72,101.46,10.23,338.33,27.1,204.87,97.86,112.62,75.08,33.82,41.92,114.01,6.23,19.93,20.87,13.19,203.87,11.0,49.88,79.73,104.3,32.71,34.18,43.42,60.32,23.83,53.01,42.83,50.49,43.28,72.03,78.16,14.95,30.22,10653.225,2015-12-31
107.72,13.29,56.7,175.8,50.62,32.29,59.52,26.62,19.91,13.96,12.75,32.6,49.75,50.08,20.79,35.64,34.9,35.41,13.66,101.42,10.23,340.86,27.35,206.97,98.61,114.04,75.65,34.17,42.35,113.82,6.25,19.54,20.67,13.21,205.93,10.93,50.6,80.43,105.32,32.7,34.5,43.8,60.05,24.07,53.4,43.44,51.06,43.75,72.68,78.95,15.09,29.52,10653.157,2015-12-30
107.74,13.42,56.86,176.98,50.98,32.8,59.88,27.04,19.97,14.17,12.94,32.82,50.54,50.68,21.6,36.0,35.29,35.99,13.95,102.2,10.3,343.11,27.54,208.51,99.36,115.2,75.99,34.56,42.89,113.82,6.48,19.3,20.54,13.27,207.4,11.26,51.0,80.71,106.12,33.16,34.66,44.21,60.87,24.24,53.85,43.81,51.24,43.79,72.99,79.59,15.33,30.39,10653.067,2015-12-29
108.01,13.2,56.33,174.98,50.26,32.77,59.29,26.73,19.83,14.07,13.07,32.62,50.86,50.57,21.72,35.66,34.96,35.87,13.79,102.27,10.32,337.22,27.38,206.34,98.39,113.97,75.22,34.24,42.45,114.41,6.35,19.71,20.76,13.29,205.21,10.93,50.54,79.86,105.0,33.18,34.46,43.8,60.45,23.99,53.34,43.22,50.8,43.55,72.11,78.68,15.18,29.9,10652.969,2015-12-28
108.01,13.39,56.35,175.22,50.17,33.0,59.43,26.79,20.03,14.09,13.07,32.78,50.94,51.16,21.49,35.8,35.03,36.46,14.27,103.05,10.39,339.79,27.45,206.83,98.82,114.5,75.0,34.36,42.6,114.55,6.51,19.65,20.74,13.69,205.68,11.3,50.69,79.42,105.23,33.35,34.49,44.11,61.57,24.01,53.46,43.25,50.87,43.47,72.45,78.48,15.71,31.05,10652.871000000001,2015-12-24
108.18,13.39,56.18,175.81,50.84,33.12,59.53,26.79,20.03,14.11,13.12,32.72,51.17,51.56,21.52,35.84,35.12,36.54,13.96,102.31,10.32,338.7,27.4,208.44,99.69,114.78,75.94,34.3,42.42,114.5,6.51,19.57,20.69,13.62,206.02,11.26,50.68,79.42,105.36,33.45,34.43,44.21,62.13,24.03,53.48,43.27,50.92,43.5,72.38,78.69,15.55,31.28,10652.786,2015-12-23
108.2,13.15,55.63,174.01,50.39,32.66,58.55,26.38,19.82,13.9,13.01,31.88,51.08,51.14,20.93,35.28,34.54,35.83,13.68,102.61,10.35,332.66,27.18,205.85,98.1,113.35,75.09,33.78,41.81,114.4,6.19,20.04,20.95,13.59,203.5,10.77,49.75,79.71,104.06,32.96,34.19,43.19,59.54,23.75,52.86,42.91,50.55,42.84,71.61,78.29,15.17,28.99,10652.701000000001,2015-12-22
108.28,13.21,55.21,172.25,50.15,32.4,58.11,26.27,19.67,13.8,12.91,31.66,50.91,50.67,20.74,35.06,34.33,35.77,13.76,103.15,10.4,332.13,26.86,203.96,97.12,112.32,74.78,33.62,41.65,114.55,6.08,20.42,21.13,13.59,201.67,10.66,49.39,79.39,103.13,32.71,33.92,42.65,58.85,23.53,52.14,42.6,49.9,42.48,71.13,77.72,14.61,28.64,10652.611,2015-12-21
108.38,13.27,55.11,171.0,52.56,32.65,58.35,26.09,19.85,13.71,13.21,32.08,51.3,51.09,21.22,35.01,34.2,36.18,13.64,102.04,10.29,331.49,26.52,202.22,96.37,111.48,74.4,33.43,41.4,114.47,6.12,20.76,21.3,13.42,200.02,10.66,49.33,79.08,102.9,32.64,33.66,42.27,58.79,23.3,51.74,42.17,49.34,42.51,70.49,77.33,14.44,28.94,10652.508999999998,2015-12-18
108.15,13.21,55.3,175.1,54.0,32.76,58.97,26.4,19.8,13.87,13.25,32.52,52.12,50.89,22.24,35.48,34.87,35.83,13.34,100.5,10.15,332.12,27.07,206.08,98.1,113.21,75.36,34.3,42.43,114.47,6.14,20.04,20.93,13.08,204.86,10.74,49.92,80.01,104.68,32.81,34.45,43.17,60.38,24.09,52.86,43.22,50.6,43.49,71.83,78.89,14.45,29.56,10652.428,2015-12-17
108.0,13.35,56.17,177.64,54.37,33.19,59.73,26.48,19.92,14.06,13.35,32.96,52.14,52.21,22.85,35.84,35.2,36.27,14.17,102.75,10.37,337.4,27.69,209.17,99.63,114.43,75.73,34.87,43.02,114.34,6.26,19.45,20.63,13.49,208.03,10.99,50.61,80.41,106.24,33.1,35.19,44.05,61.9,24.44,53.75,43.91,51.26,43.4,72.61,80.21,14.86,30.61,10652.33,2015-12-16
108.19,13.41,55.23,175.46,52.83,32.55,58.55,26.04,19.68,13.89,13.15,32.42,51.13,50.87,22.37,35.22,34.57,35.64,13.63,101.52,10.24,329.99,27.04,206.19,98.37,112.71,74.27,34.54,42.59,114.36,6.51,20.04,20.91,13.11,205.03,11.4,49.68,78.87,104.72,32.55,34.42,43.6,62.31,24.05,52.81,43.32,50.29,42.33,71.68,78.89,14.69,31.31,10652.215,2015-12-15
108.18,13.44,55.33,173.9,52.76,32.06,58.26,25.75,19.59,13.69,12.97,32.26,49.5,50.13,22.39,34.87,34.18,35.04,13.56,101.79,10.27,320.84,26.76,204.18,96.86,111.11,73.46,33.64,41.59,114.35,6.39,20.45,21.14,13.06,202.9,11.16,49.31,78.02,103.61,32.08,34.2,43.36,60.78,23.5,52.8,43.13,49.97,42.0,70.76,78.46,14.82,30.7,10652.108999999999,2015-12-14
108.69,13.53,55.16,172.73,52.38,31.55,58.17,25.78,19.51,13.73,12.83,32.36,49.28,49.65,22.47,34.88,34.24,34.53,14.38,103.11,10.39,319.89,27.08,202.89,96.62,111.91,73.23,33.76,41.65,115.2,6.4,20.68,21.25,13.3,201.88,11.07,49.28,77.66,103.24,31.56,34.5,43.94,60.46,23.45,52.61,42.8,49.48,41.79,70.3,78.06,15.25,31.47,10651.998,2015-12-11
108.42,13.67,55.77,175.88,53.34,32.46,59.3,26.41,19.85,13.99,13.17,32.96,50.5,50.6,22.89,35.54,34.88,35.52,14.21,102.55,10.35,329.41,27.48,207.01,98.52,114.46,73.57,34.55,42.7,115.0,6.5,19.91,20.85,13.45,205.87,11.37,50.18,77.8,105.31,32.48,35.02,45.14,62.81,23.98,53.51,43.71,50.03,41.9,71.35,79.88,15.79,33.09,10651.903999999999,2015-12-10
108.44,13.72,56.05,174.99,52.96,32.68,59.29,26.4,19.9,14.08,13.19,33.06,50.85,50.37,23.9,35.64,34.98,35.86,14.27,102.64,10.35,325.2,27.28,206.49,98.33,114.08,73.99,34.36,42.57,115.27,6.64,20.02,20.9,13.49,205.34,11.56,50.36,78.36,105.0,32.81,34.83,45.48,62.41,23.96,53.26,43.59,49.97,42.61,70.82,79.61,15.37,32.52,10651.802,2015-12-09
108.44,13.71,56.06,175.77,54.2,32.95,59.56,26.52,19.97,14.03,13.4,33.02,50.82,50.55,23.31,35.78,35.14,36.24,14.08,102.84,10.37,330.59,27.92,208.13,98.72,115.37,74.45,34.88,43.28,115.3,6.71,19.69,20.75,13.51,206.95,11.68,50.41,78.8,105.91,33.05,35.63,44.15,61.6,24.24,53.42,44.24,50.45,42.6,71.54,80.64,15.18,32.23,10651.691,2015-12-08
108.4,13.78,56.83,177.34,55.19,33.32,60.45,26.99,20.27,14.32,13.6,33.64,51.68,51.1,23.29,36.34,35.7,36.8,14.2,102.67,10.35,324.28,28.49,209.5,99.82,116.01,74.63,35.54,44.05,115.45,6.73,19.44,20.59,13.62,208.35,11.72,51.24,78.87,106.55,33.45,36.12,45.0,62.24,24.55,54.29,44.35,50.58,42.66,71.38,80.88,15.46,32.03,10651.576000000001,2015-12-07
